Workbook

Sheet Priorización
A1: ranking | B1: cve_mun | C1: municipio | D1: pob_2024 | E1: dm2_cualquier | F1: dm2_basica | G1: tasa_anual_dm2 | H1: tasa_dm2_basica | I1: pct_dm2_contribuyente | J1: con_erc | K1: razon_erc_dm2 | L1: con_hta | M1: con_obesidad | N1: avpp_total | O1: avpp_prom | P1: n_inegi | Q1: edad_prom | R1: pct_mujer | S1: pct_sin_escol | T1: pct_sin_derecho | U1: pct_muere_hogar | V1: distancia_gdl_km | W1: total_atencion | X1: primer_nivel | Y1: segundo_nivel | Z1: tercer_nivel | AA1: unidades_x100k | AB1: enigh_hogares | AC1: enigh_ingreso | AD1: enigh_vulnerabilidad | AE1: enigh_internet | AF1: enigh_gasto_salud | AG1: indice_priorizacion | AH1: enigh_cobertura | AI1: norm_tasa_dm2 | AJ1: norm_avpp_total | AK1: norm_avpp_prom | AL1: norm_sin_escol | AM1: norm_sin_derecho | AN1: norm_ingreso_inv | AO1: norm_vulnerabilidad | AP1: norm_internet_inv | AQ1: norm_distancia | AR1: norm_sin_2do | AS1: norm_densidad | AT1: norm_erc_dm2 | AU1: norm_contrib | AV1: D1 | AW1: D2 | AX1: D3 | AY1: D4 | AZ1: D5 | BA1: índice final
B2: 14092 | C2: Teocuitatlán de Corona | D2: 11767 | E2: 203 | F2: 72 | G2: 49.1 | H2: 104.4 | I2: 64.5 | J2: 42 | K2: 0.21 | L2: 102 | M2: 1 | N2: 327.85798 | O2: 6.56 | P2: 50 | Q2: 73.586207 | R2: 44.33 | S2: 47.78 | T2: 67 | U2: 66.01 | V2: 85 | W2: 4 | X2: 4 | Y2: 0 | Z2: 0 | AA2: 34 | AB2: 22 | AC2: 32106.66 | AD2: 0.45 | AE2: 0 | AF2: 1.91 | AG2: =AV2+AW2+AX2+AY2+AZ2 -> 0.57156282 | AH2: ✓ datos directos | AI2: =(G2-MIN($G$2:$G$126))/(MAX($G$2:$G$126)-MIN($G$2:$G$126)) -> 1 | AJ2: =(N2-MIN($N$2:$N$126))/(MAX($N$2:$N$126)-MIN($N$2:$N$126)) -> 0.0069149391 | AK2: =(O2-MIN($O$2:$O$126))/(MAX($O$2:$O$126)-MIN($O$2:$O$126)) -> 0.31953239 | AL2: =(S2-MIN($S$2:$S$126))/(MAX($S$2:$S$126)-MIN($S$2:$S$126)) -> 0.86708566 | AM2: =(T2-MIN($T$2:$T$126))/(MAX($T$2:$T$126)-MIN($T$2:$T$126)) -> 0.68803111 | AN2: =1-(AC2-MIN($AC$2:$AC$126))/(MAX($AC$2:$AC$126)-MIN($AC$2:$AC$126)) -> 0.82998799 | AO2: =(AD2-MIN($AD$2:$AD$126))/(MAX($AD$2:$AD$126)-MIN($AD$2:$AD$126)) -> 0.26946108 | AP2: =1-(AE2-MIN($AE$2:$AE$126))/(MAX($AE$2:$AE$126)-MIN($AE$2:$AE$126)) -> 1 | AQ2: =(V2-MIN($V$2:$V$126))/(MAX($V$2:$V$126)-MIN($V$2:$V$126)) -> 0.23611111 | AR2: =1-(Y2-MIN($Y$2:$Y$126))/(MAX($Y$2:$Y$126)-MIN($Y$2:$Y$126)) -> 1 | AS2: =1-(AA2-MIN($AA$2:$AA$126))/(MAX($AA$2:$AA$126)-MIN($AA$2:$AA$126)) -> 0.772612 | AT2: =(K2-MIN($K$2:$K$126))/(MAX($K$2:$K$126)-MIN($K$2:$K$126)) -> 0.48484848 | AU2: =(L2-MIN($L$2:$L$126))/(MAX($L$2:$L$126)-MIN($L$2:$L$126)) -> 0.013121925 | AV2: =(AI2*(Tablero!$B$5/100)+AJ2*(Tablero!$B$6/100))*(Tablero!$B$4/100) -> 0.15069149 | AW2: =(AK2*(Tablero!$B$8/100))*(Tablero!$B$7/100) -> 0.079883098 | AX2: =(AL2*(Tablero!$B$10/100)+AM2*(Tablero!$B$11/100)+AN2*(Tablero!$B$12/100)+AO2*(Tablero!$B$13/100)+AP2*(Tablero!$B$14/100))*(Tablero!$B$9/100) -> 0.16061256 | AY2: =(AQ2*(Tablero!$B$16/100)+AR2*(Tablero!$B$17/100)+AS2*(Tablero!$B$18/100))*(Tablero!$B$15/100) -> 0.16792641 | AZ2: =(AT2*(Tablero!$B$20/100)+AU2*(Tablero!$B$21/100))*(Tablero!$B$19/100) -> 0.01244926
B3: 14060 | C3: Mexticacán | D3: 5533 | E3: 66 | F3: 18 | G3: 33.6 | H3: 54.9 | I3: 72.7 | J3: 10 | K3: 0.15 | L3: 26 | M3: 0 | N3: 60.412908 | O3: 5.49 | P3: 11 | Q3: 75.060606 | R3: 62.12 | S3: 48.48 | T3: 78.79 | U3: 65.15 | V3: 345 | W3: 1 | X3: 1 | Y3: 0 | Z3: 0 | AA3: 18.1 | AB3: 20 | AC3: 42437.84 | AD3: 0 | AE3: 30 | AF3: 2.49 | AG3: =AV3+AW3+AX3+AY3+AZ3 -> 0.55318995 | AH3: ✓ datos directos | AI3: =(G3-MIN($G$2:$G$126))/(MAX($G$2:$G$126)-MIN($G$2:$G$126)) -> 0.63615023 | AJ3: =(N3-MIN($N$2:$N$126))/(MAX($N$2:$N$126)-MIN($N$2:$N$126)) -> 0.0012741846 | AK3: =(O3-MIN($O$2:$O$126))/(MAX($O$2:$O$126)-MIN($O$2:$O$126)) -> 0.26741354 | AL3: =(S3-MIN($S$2:$S$126))/(MAX($S$2:$S$126)-MIN($S$2:$S$126)) -> 0.88337989 | AM3: =(T3-MIN($T$2:$T$126))/(MAX($T$2:$T$126)-MIN($T$2:$T$126)) -> 0.85784243 | AN3: =1-(AC3-MIN($AC$2:$AC$126))/(MAX($AC$2:$AC$126)-MIN($AC$2:$AC$126)) -> 0.72478174 | AO3: =(AD3-MIN($AD$2:$AD$126))/(MAX($AD$2:$AD$126)-MIN($AD$2:$AD$126)) -> 0 | AP3: =1-(AE3-MIN($AE$2:$AE$126))/(MAX($AE$2:$AE$126)-MIN($AE$2:$AE$126)) -> 0.7 | AQ3: =(V3-MIN($V$2:$V$126))/(MAX($V$2:$V$126)-MIN($V$2:$V$126)) -> 0.95833333 | AR3: =1-(Y3-MIN($Y$2:$Y$126))/(MAX($Y$2:$Y$126)-MIN($Y$2:$Y$126)) -> 1 | AS3: =1-(AA3-MIN($AA$2:$AA$126))/(MAX($AA$2:$AA$126)-MIN($AA$2:$AA$126)) -> 0.90701606 | AT3: =(K3-MIN($K$2:$K$126))/(MAX($K$2:$K$126)-MIN($K$2:$K$126)) -> 0.3030303 | AU3: =(L3-MIN($L$2:$L$126))/(MAX($L$2:$L$126)-MIN($L$2:$L$126)) -> 0.0027337343 | AV3: =(AI3*(Tablero!$B$5/100)+AJ3*(Tablero!$B$6/100))*(Tablero!$B$4/100) -> 0.095549954 | AW3: =(AK3*(Tablero!$B$8/100))*(Tablero!$B$7/100) -> 0.066853385 | AX3: =(AL3*(Tablero!$B$10/100)+AM3*(Tablero!$B$11/100)+AN3*(Tablero!$B$12/100)+AO3*(Tablero!$B$13/100)+AP3*(Tablero!$B$14/100))*(Tablero!$B$9/100) -> 0.13963378 | AY3: =(AQ3*(Tablero!$B$16/100)+AR3*(Tablero!$B$17/100)+AS3*(Tablero!$B$18/100))*(Tablero!$B$15/100) -> 0.24350873 | AZ3: =(AT3*(Tablero!$B$20/100)+AU3*(Tablero!$B$21/100))*(Tablero!$B$19/100) -> 0.0076441009
B4: 14049 | C4: Jilotlán de los Dolores | D4: 9605 | E4: 50 | F4: 19 | G4: 14.4 | H4: 32.9 | I4: 62 | J4: 11 | K4: 0.22 | L4: 26 | M4: 0 | N4: 109.39065 | O4: 15.63 | P4: 7 | Q4: 68.44 | R4: 32 | S4: 28 | T4: 68 | U4: 50 | V4: 310 | W4: 3 | X4: 3 | Y4: 0 | Z4: 0 | AA4: 31.2 | AB4: 21 | AC4: 27116.98 | AD4: 1.67 | AE4: 4.76 | AF4: 1.24 | AG4: =AV4+AW4+AX4+AY4+AZ4 -> 0.62643129 | AH4: ✓ datos directos | AI4: =(G4-MIN($G$2:$G$126))/(MAX($G$2:$G$126)-MIN($G$2:$G$126)) -> 0.18544601 | AJ4: =(N4-MIN($N$2:$N$126))/(MAX($N$2:$N$126)-MIN($N$2:$N$126)) -> 0.0023071871 | AK4: =(O4-MIN($O$2:$O$126))/(MAX($O$2:$O$126)-MIN($O$2:$O$126)) -> 0.76132489 | AL4: =(S4-MIN($S$2:$S$126))/(MAX($S$2:$S$126)-MIN($S$2:$S$126)) -> 0.40665736 | AM4: =(T4-MIN($T$2:$T$126))/(MAX($T$2:$T$126)-MIN($T$2:$T$126)) -> 0.70243411 | AN4: =1-(AC4-MIN($AC$2:$AC$126))/(MAX($AC$2:$AC$126)-MIN($AC$2:$AC$126)) -> 0.88079976 | AO4: =(AD4-MIN($AD$2:$AD$126))/(MAX($AD$2:$AD$126)-MIN($AD$2:$AD$126)) -> 1 | AP4: =1-(AE4-MIN($AE$2:$AE$126))/(MAX($AE$2:$AE$126)-MIN($AE$2:$AE$126)) -> 0.9524 | AQ4: =(V4-MIN($V$2:$V$126))/(MAX($V$2:$V$126)-MIN($V$2:$V$126)) -> 0.86111111 | AR4: =1-(Y4-MIN($Y$2:$Y$126))/(MAX($Y$2:$Y$126)-MIN($Y$2:$Y$126)) -> 1 | AS4: =1-(AA4-MIN($AA$2:$AA$126))/(MAX($AA$2:$AA$126)-MIN($AA$2:$AA$126)) -> 0.79628064 | AT4: =(K4-MIN($K$2:$K$126))/(MAX($K$2:$K$126)-MIN($K$2:$K$126)) -> 0.51515152 | AU4: =(L4-MIN($L$2:$L$126))/(MAX($L$2:$L$126)-MIN($L$2:$L$126)) -> 0.0027337343 | AV4: =(AI4*(Tablero!$B$5/100)+AJ4*(Tablero!$B$6/100))*(Tablero!$B$4/100) -> 0.02804762 | AW4: =(AK4*(Tablero!$B$8/100))*(Tablero!$B$7/100) -> 0.19033122 | AX4: =(AL4*(Tablero!$B$10/100)+AM4*(Tablero!$B$11/100)+AN4*(Tablero!$B$12/100)+AO4*(Tablero!$B$13/100)+AP4*(Tablero!$B$14/100))*(Tablero!$B$9/100) -> 0.16408719 | AY4: =(AQ4*(Tablero!$B$16/100)+AR4*(Tablero!$B$17/100)+AS4*(Tablero!$B$18/100))*(Tablero!$B$15/100) -> 0.23101813 | AZ4: =(AT4*(Tablero!$B$20/100)+AU4*(Tablero!$B$21/100))*(Tablero!$B$19/100) -> 0.012947131
B5: 14019 | C5: Bolaños | D5: 7148 | E5: 33 | F5: 7 | G5: 12.8 | H5: 16.2 | I5: 78.8 | J5: 5 | K5: 0.15 | L5: 14 | M5: 2 | N5: 20.533503 | O5: 20.53 | P5: 1 | Q5: 72.181818 | R5: 48.48 | S5: 39.39 | T5: 45.45 | U5: 51.52 | V5: 305 | W5: 6 | X5: 6 | Y5: 0 | Z5: 0 | AA5: 83.9 | AC5: 52157.1 | AD5: 0.12 | AE5: 45.83 | AF5: 3.02 | AG5: =AV5+AW5+AX5+AY5+AZ5 -> 0.59170561 | AH5: ~ estimación estatal | AI5: =(G5-MIN($G$2:$G$126))/(MAX($G$2:$G$126)-MIN($G$2:$G$126)) -> 0.14788732 | AJ5: =(N5-MIN($N$2:$N$126))/(MAX($N$2:$N$126)-MIN($N$2:$N$126)) -> 0.00043307754 | AK5: =(O5-MIN($O$2:$O$126))/(MAX($O$2:$O$126)-MIN($O$2:$O$126)) -> 1 | AL5: =(S5-MIN($S$2:$S$126))/(MAX($S$2:$S$126)-MIN($S$2:$S$126)) -> 0.67178771 | AM5: =(T5-MIN($T$2:$T$126))/(MAX($T$2:$T$126)-MIN($T$2:$T$126)) -> 0.37764655 | AN5: =1-(AC5-MIN($AC$2:$AC$126))/(MAX($AC$2:$AC$126)-MIN($AC$2:$AC$126)) -> 0.6258069 | AO5: =(AD5-MIN($AD$2:$AD$126))/(MAX($AD$2:$AD$126)-MIN($AD$2:$AD$126)) -> 0.071856287 | AP5: =1-(AE5-MIN($AE$2:$AE$126))/(MAX($AE$2:$AE$126)-MIN($AE$2:$AE$126)) -> 0.5417 | AQ5: =(V5-MIN($V$2:$V$126))/(MAX($V$2:$V$126)-MIN($V$2:$V$126)) -> 0.84722222 | AR5: =1-(Y5-MIN($Y$2:$Y$126))/(MAX($Y$2:$Y$126)-MIN($Y$2:$Y$126)) -> 1 | AS5: =1-(AA5-MIN($AA$2:$AA$126))/(MAX($AA$2:$AA$126)-MIN($AA$2:$AA$126)) -> 0.35080304 | AT5: =(K5-MIN($K$2:$K$126))/(MAX($K$2:$K$126)-MIN($K$2:$K$126)) -> 0.3030303 | AU5: =(L5-MIN($L$2:$L$126))/(MAX($L$2:$L$126)-MIN($L$2:$L$126)) -> 0.0010934937 | AV5: =(AI5*(Tablero!$B$5/100)+AJ5*(Tablero!$B$6/100))*(Tablero!$B$4/100) -> 0.022226406 | AW5: =(AK5*(Tablero!$B$8/100))*(Tablero!$B$7/100) -> 0.25 | AX5: =(AL5*(Tablero!$B$10/100)+AM5*(Tablero!$B$11/100)+AN5*(Tablero!$B$12/100)+AO5*(Tablero!$B$13/100)+AP5*(Tablero!$B$14/100))*(Tablero!$B$9/100) -> 0.093383811 | AY5: =(AQ5*(Tablero!$B$16/100)+AR5*(Tablero!$B$17/100)+AS5*(Tablero!$B$18/100))*(Tablero!$B$15/100) -> 0.2184923 | AZ5: =(AT5*(Tablero!$B$20/100)+AU5*(Tablero!$B$21/100))*(Tablero!$B$19/100) -> 0.0076030949
B6: 14017 | C6: Ayutla | D6: 13337 | E6: 138 | F6: 66 | G6: 29 | H6: 83.3 | I6: 52.2 | J6: 52 | K6: 0.38 | L6: 54 | M6: 4 | N6: 285.81305 | O6: 7.52 | P6: 38 | Q6: 71.282609 | R6: 44.93 | S6: 35.51 | T6: 64.49 | U6: 47.83 | V6: 170 | W6: 5 | X6: 5 | Y6: 0 | Z6: 0 | AA6: 37.5 | AB6: 18 | AC6: 23706.66 | AD6: 1.11 | AE6: 0 | AF6: 1.16 | AG6: =AV6+AW6+AX6+AY6+AZ6 -> 0.54970955 | AH6: ✓ datos directos | AI6: =(G6-MIN($G$2:$G$126))/(MAX($G$2:$G$126)-MIN($G$2:$G$126)) -> 0.52816901 | AJ6: =(N6-MIN($N$2:$N$126))/(MAX($N$2:$N$126)-MIN($N$2:$N$126)) -> 0.0060281585 | AK6: =(O6-MIN($O$2:$O$126))/(MAX($O$2:$O$126)-MIN($O$2:$O$126)) -> 0.36629323 | AL6: =(S6-MIN($S$2:$S$126))/(MAX($S$2:$S$126)-MIN($S$2:$S$126)) -> 0.58147114 | AM6: =(T6-MIN($T$2:$T$126))/(MAX($T$2:$T$126)-MIN($T$2:$T$126)) -> 0.65187959 | AN6: =1-(AC6-MIN($AC$2:$AC$126))/(MAX($AC$2:$AC$126)-MIN($AC$2:$AC$126)) -> 0.91552832 | AO6: =(AD6-MIN($AD$2:$AD$126))/(MAX($AD$2:$AD$126)-MIN($AD$2:$AD$126)) -> 0.66467066 | AP6: =1-(AE6-MIN($AE$2:$AE$126))/(MAX($AE$2:$AE$126)-MIN($AE$2:$AE$126)) -> 1 | AQ6: =(V6-MIN($V$2:$V$126))/(MAX($V$2:$V$126)-MIN($V$2:$V$126)) -> 0.47222222 | AR6: =1-(Y6-MIN($Y$2:$Y$126))/(MAX($Y$2:$Y$126)-MIN($Y$2:$Y$126)) -> 1 | AS6: =1-(AA6-MIN($AA$2:$AA$126))/(MAX($AA$2:$AA$126)-MIN($AA$2:$AA$126)) -> 0.7430262 | AT6: =(K6-MIN($K$2:$K$126))/(MAX($K$2:$K$126)-MIN($K$2:$K$126)) -> 1 | AU6: =(L6-MIN($L$2:$L$126))/(MAX($L$2:$L$126)-MIN($L$2:$L$126)) -> 0.0065609623 | AV6: =(AI6*(Tablero!$B$5/100)+AJ6*(Tablero!$B$6/100))*(Tablero!$B$4/100) -> 0.079828168 | AW6: =(AK6*(Tablero!$B$8/100))*(Tablero!$B$7/100) -> 0.091573307 | AX6: =(AL6*(Tablero!$B$10/100)+AM6*(Tablero!$B$11/100)+AN6*(Tablero!$B$12/100)+AO6*(Tablero!$B$13/100)+AP6*(Tablero!$B$14/100))*(Tablero!$B$9/100) -> 0.16234618 | AY6: =(AQ6*(Tablero!$B$16/100)+AR6*(Tablero!$B$17/100)+AS6*(Tablero!$B$18/100))*(Tablero!$B$15/100) -> 0.19079788 | AZ6: =(AT6*(Tablero!$B$20/100)+AU6*(Tablero!$B$21/100))*(Tablero!$B$19/100) -> 0.025164024
B7: 14026 | C7: Concepción de Buenos Aires | D7: 6589 | E7: 81 | F7: 24 | G7: 34.6 | H7: 61.4 | I7: 70.4 | J7: 20 | K7: 0.25 | L7: 34 | M7: 1 | N7: 101.93711 | O7: 6.37 | P7: 16 | Q7: 71.283951 | R7: 43.21 | S7: 37.04 | T7: 66.67 | U7: 67.9 | V7: 175 | W7: 1 | X7: 1 | Y7: 0 | Z7: 0 | AA7: 15.2 | AC7: 52157.1 | AD7: 0.12 | AE7: 45.83 | AF7: 3.02 | AG7: =AV7+AW7+AX7+AY7+AZ7 -> 0.49950229 | AH7: ~ estimación estatal | AI7: =(G7-MIN($G$2:$G$126))/(MAX($G$2:$G$126)-MIN($G$2:$G$126)) -> 0.65962441 | AJ7: =(N7-MIN($N$2:$N$126))/(MAX($N$2:$N$126)-MIN($N$2:$N$126)) -> 0.0021499825 | AK7: =(O7-MIN($O$2:$O$126))/(MAX($O$2:$O$126)-MIN($O$2:$O$126)) -> 0.31027764 | AL7: =(S7-MIN($S$2:$S$126))/(MAX($S$2:$S$126)-MIN($S$2:$S$126)) -> 0.61708566 | AM7: =(T7-MIN($T$2:$T$126))/(MAX($T$2:$T$126)-MIN($T$2:$T$126)) -> 0.68327812 | AN7: =1-(AC7-MIN($AC$2:$AC$126))/(MAX($AC$2:$AC$126)-MIN($AC$2:$AC$126)) -> 0.6258069 | AO7: =(AD7-MIN($AD$2:$AD$126))/(MAX($AD$2:$AD$126)-MIN($AD$2:$AD$126)) -> 0.071856287 | AP7: =1-(AE7-MIN($AE$2:$AE$126))/(MAX($AE$2:$AE$126)-MIN($AE$2:$AE$126)) -> 0.5417 | AQ7: =(V7-MIN($V$2:$V$126))/(MAX($V$2:$V$126)-MIN($V$2:$V$126)) -> 0.48611111 | AR7: =1-(Y7-MIN($Y$2:$Y$126))/(MAX($Y$2:$Y$126)-MIN($Y$2:$Y$126)) -> 1 | AS7: =1-(AA7-MIN($AA$2:$AA$126))/(MAX($AA$2:$AA$126)-MIN($AA$2:$AA$126)) -> 0.93153001 | AT7: =(K7-MIN($K$2:$K$126))/(MAX($K$2:$K$126)-MIN($K$2:$K$126)) -> 0.60606061 | AU7: =(L7-MIN($L$2:$L$126))/(MAX($L$2:$L$126)-MIN($L$2:$L$126)) -> 0.003827228 | AV7: =(AI7*(Tablero!$B$5/100)+AJ7*(Tablero!$B$6/100))*(Tablero!$B$4/100) -> 0.09915866 | AW7: =(AK7*(Tablero!$B$8/100))*(Tablero!$B$7/100) -> 0.077569411 | AX7: =(AL7*(Tablero!$B$10/100)+AM7*(Tablero!$B$11/100)+AN7*(Tablero!$B$12/100)+AO7*(Tablero!$B$13/100)+AP7*(Tablero!$B$14/100))*(Tablero!$B$9/100) -> 0.11062766 | AY7: =(AQ7*(Tablero!$B$16/100)+AR7*(Tablero!$B$17/100)+AS7*(Tablero!$B$18/100))*(Tablero!$B$15/100) -> 0.19689936 | AZ7: =(AT7*(Tablero!$B$20/100)+AU7*(Tablero!$B$21/100))*(Tablero!$B$19/100) -> 0.015247196
B8: 14048 | C8: Jesús María | D8: 19149 | E8: 229 | F8: 95 | G8: 33 | H8: 82.2 | I8: 58.5 | J8: 26 | K8: 0.11 | L8: 118 | M8: 1 | N8: 440.39193 | O8: 7.73 | P8: 57 | Q8: 72.742358 | R8: 55.46 | S8: 46.72 | T8: 62.45 | U8: 62.01 | V8: 210 | W8: 7 | X8: 7 | Y8: 0 | Z8: 0 | AA8: 36.6 | AC8: 52157.1 | AD8: 0.12 | AE8: 45.83 | AF8: 3.02 | AG8: =AV8+AW8+AX8+AY8+AZ8 -> 0.50688395 | AH8: ~ estimación estatal | AI8: =(G8-MIN($G$2:$G$126))/(MAX($G$2:$G$126)-MIN($G$2:$G$126)) -> 0.62206573 | AJ8: =(N8-MIN($N$2:$N$126))/(MAX($N$2:$N$126)-MIN($N$2:$N$126)) -> 0.0092884225 | AK8: =(O8-MIN($O$2:$O$126))/(MAX($O$2:$O$126)-MIN($O$2:$O$126)) -> 0.37652216 | AL8: =(S8-MIN($S$2:$S$126))/(MAX($S$2:$S$126)-MIN($S$2:$S$126)) -> 0.84241155 | AM8: =(T8-MIN($T$2:$T$126))/(MAX($T$2:$T$126)-MIN($T$2:$T$126)) -> 0.62249748 | AN8: =1-(AC8-MIN($AC$2:$AC$126))/(MAX($AC$2:$AC$126)-MIN($AC$2:$AC$126)) -> 0.6258069 | AO8: =(AD8-MIN($AD$2:$AD$126))/(MAX($AD$2:$AD$126)-MIN($AD$2:$AD$126)) -> 0.071856287 | AP8: =1-(AE8-MIN($AE$2:$AE$126))/(MAX($AE$2:$AE$126)-MIN($AE$2:$AE$126)) -> 0.5417 | AQ8: =(V8-MIN($V$2:$V$126))/(MAX($V$2:$V$126)-MIN($V$2:$V$126)) -> 0.58333333 | AR8: =1-(Y8-MIN($Y$2:$Y$126))/(MAX($Y$2:$Y$126)-MIN($Y$2:$Y$126)) -> 1 | AS8: =1-(AA8-MIN($AA$2:$AA$126))/(MAX($AA$2:$AA$126)-MIN($AA$2:$AA$126)) -> 0.75063398 | AT8: =(K8-MIN($K$2:$K$126))/(MAX($K$2:$K$126)-MIN($K$2:$K$126)) -> 0.18181818 | AU8: =(L8-MIN($L$2:$L$126))/(MAX($L$2:$L$126)-MIN($L$2:$L$126)) -> 0.015308912 | AV8: =(AI8*(Tablero!$B$5/100)+AJ8*(Tablero!$B$6/100))*(Tablero!$B$4/100) -> 0.094238701 | AW8: =(AK8*(Tablero!$B$8/100))*(Tablero!$B$7/100) -> 0.094130541 | AX8: =(AL8*(Tablero!$B$10/100)+AM8*(Tablero!$B$11/100)+AN8*(Tablero!$B$12/100)+AO8*(Tablero!$B$13/100)+AP8*(Tablero!$B$14/100))*(Tablero!$B$9/100) -> 0.11148734 | AY8: =(AQ8*(Tablero!$B$16/100)+AR8*(Tablero!$B$17/100)+AS8*(Tablero!$B$18/100))*(Tablero!$B$15/100) -> 0.20209918 | AZ8: =(AT8*(Tablero!$B$20/100)+AU8*(Tablero!$B$21/100))*(Tablero!$B$19/100) -> 0.0049281773
B9: 14115 | C9: Villa Guerrero | D9: 5239 | E9: 49 | F9: 12 | G9: 25.2 | H9: 37.1 | I9: 75.5 | J9: 9 | K9: 0.18 | L9: 18 | M9: 0 | N9: 54.925703 | O9: 9.15 | P9: 6 | Q9: 73.408163 | R9: 53.06 | S9: 48.98 | T9: 77.55 | U9: 71.43 | V9: 225 | W9: 3 | X9: 3 | Y9: 0 | Z9: 0 | AA9: 57.3 | AB9: 20 | AC9: 47054.63 | AD9: 0.1 | AE9: 50 | AF9: 5.46 | AG9: =AV9+AW9+AX9+AY9+AZ9 -> 0.51221638 | AH9: ✓ datos directos | AI9: =(G9-MIN($G$2:$G$126))/(MAX($G$2:$G$126)-MIN($G$2:$G$126)) -> 0.43896714 | AJ9: =(N9-MIN($N$2:$N$126))/(MAX($N$2:$N$126)-MIN($N$2:$N$126)) -> 0.0011584525 | AK9: =(O9-MIN($O$2:$O$126))/(MAX($O$2:$O$126)-MIN($O$2:$O$126)) -> 0.44568924 | AL9: =(S9-MIN($S$2:$S$126))/(MAX($S$2:$S$126)-MIN($S$2:$S$126)) -> 0.89501862 | AM9: =(T9-MIN($T$2:$T$126))/(MAX($T$2:$T$126)-MIN($T$2:$T$126)) -> 0.83998272 | AN9: =1-(AC9-MIN($AC$2:$AC$126))/(MAX($AC$2:$AC$126)-MIN($AC$2:$AC$126)) -> 0.67776725 | AO9: =(AD9-MIN($AD$2:$AD$126))/(MAX($AD$2:$AD$126)-MIN($AD$2:$AD$126)) -> 0.05988024 | AP9: =1-(AE9-MIN($AE$2:$AE$126))/(MAX($AE$2:$AE$126)-MIN($AE$2:$AE$126)) -> 0.5 | AQ9: =(V9-MIN($V$2:$V$126))/(MAX($V$2:$V$126)-MIN($V$2:$V$126)) -> 0.625 | AR9: =1-(Y9-MIN($Y$2:$Y$126))/(MAX($Y$2:$Y$126)-MIN($Y$2:$Y$126)) -> 1 | AS9: =1-(AA9-MIN($AA$2:$AA$126))/(MAX($AA$2:$AA$126)-MIN($AA$2:$AA$126)) -> 0.57565511 | AT9: =(K9-MIN($K$2:$K$126))/(MAX($K$2:$K$126)-MIN($K$2:$K$126)) -> 0.39393939 | AU9: =(L9-MIN($L$2:$L$126))/(MAX($L$2:$L$126)-MIN($L$2:$L$126)) -> 0.0016402406 | AV9: =(AI9*(Tablero!$B$5/100)+AJ9*(Tablero!$B$6/100))*(Tablero!$B$4/100) -> 0.065960916 | AW9: =(AK9*(Tablero!$B$8/100))*(Tablero!$B$7/100) -> 0.11142231 | AX9: =(AL9*(Tablero!$B$10/100)+AM9*(Tablero!$B$11/100)+AN9*(Tablero!$B$12/100)+AO9*(Tablero!$B$13/100)+AP9*(Tablero!$B$14/100))*(Tablero!$B$9/100) -> 0.12305229 | AY9: =(AQ9*(Tablero!$B$16/100)+AR9*(Tablero!$B$17/100)+AS9*(Tablero!$B$18/100))*(Tablero!$B$15/100) -> 0.20189138 | AZ9: =(AT9*(Tablero!$B$20/100)+AU9*(Tablero!$B$21/100))*(Tablero!$B$19/100) -> 0.0098894909
B10: 14102 | C10: Tonaya | D10: 5994 | E10: 86 | F10: 13 | G10: 39.7 | H10: 36 | I10: 84.9 | J10: 13 | K10: 0.15 | L10: 35 | M10: 1 | N10: 9.0042852 | O10: 3 | P10: 3 | Q10: 74.139535 | R10: 52.33 | S10: 39.53 | T10: 55.81 | U10: 47.67 | V10: 195 | W10: 1 | X10: 1 | Y10: 0 | Z10: 0 | AA10: 16.7 | AC10: 52157.1 | AD10: 0.12 | AE10: 45.83 | AF10: 3.02 | AG10: =AV10+AW10+AX10+AY10+AZ10 -> 0.46566698 | AH10: ~ estimación estatal | AI10: =(G10-MIN($G$2:$G$126))/(MAX($G$2:$G$126)-MIN($G$2:$G$126)) -> 0.77934272 | AJ10: =(N10-MIN($N$2:$N$126))/(MAX($N$2:$N$126)-MIN($N$2:$N$126)) -> 0.00018991176 | AK10: =(O10-MIN($O$2:$O$126))/(MAX($O$2:$O$126)-MIN($O$2:$O$126)) -> 0.14612762 | AL10: =(S10-MIN($S$2:$S$126))/(MAX($S$2:$S$126)-MIN($S$2:$S$126)) -> 0.67504655 | AM10: =(T10-MIN($T$2:$T$126))/(MAX($T$2:$T$126)-MIN($T$2:$T$126)) -> 0.52686159 | AN10: =1-(AC10-MIN($AC$2:$AC$126))/(MAX($AC$2:$AC$126)-MIN($AC$2:$AC$126)) -> 0.6258069 | AO10: =(AD10-MIN($AD$2:$AD$126))/(MAX($AD$2:$AD$126)-MIN($AD$2:$AD$126)) -> 0.071856287 | AP10: =1-(AE10-MIN($AE$2:$AE$126))/(MAX($AE$2:$AE$126)-MIN($AE$2:$AE$126)) -> 0.5417 | AQ10: =(V10-MIN($V$2:$V$126))/(MAX($V$2:$V$126)-MIN($V$2:$V$126)) -> 0.54166667 | AR10: =1-(Y10-MIN($Y$2:$Y$126))/(MAX($Y$2:$Y$126)-MIN($Y$2:$Y$126)) -> 1 | AS10: =1-(AA10-MIN($AA$2:$AA$126))/(MAX($AA$2:$AA$126)-MIN($AA$2:$AA$126)) -> 0.91885038 | AT10: =(K10-MIN($K$2:$K$126))/(MAX($K$2:$K$126)-MIN($K$2:$K$126)) -> 0.3030303 | AU10: =(L10-MIN($L$2:$L$126))/(MAX($L$2:$L$126)-MIN($L$2:$L$126)) -> 0.0039639147 | AV10: =(AI10*(Tablero!$B$5/100)+AJ10*(Tablero!$B$6/100))*(Tablero!$B$4/100) -> 0.1169204 | AW10: =(AK10*(Tablero!$B$8/100))*(Tablero!$B$7/100) -> 0.036531905 | AX10: =(AL10*(Tablero!$B$10/100)+AM10*(Tablero!$B$11/100)+AN10*(Tablero!$B$12/100)+AO10*(Tablero!$B$13/100)+AP10*(Tablero!$B$14/100))*(Tablero!$B$9/100) -> 0.10240189 | AY10: =(AQ10*(Tablero!$B$16/100)+AR10*(Tablero!$B$17/100)+AS10*(Tablero!$B$18/100))*(Tablero!$B$15/100) -> 0.20213793 | AZ10: =(AT10*(Tablero!$B$20/100)+AU10*(Tablero!$B$21/100))*(Tablero!$B$19/100) -> 0.0076748554
B11: 14104 | C11: Totatiche | D11: 4121 | E11: 52 | F11: 17 | G11: 34.4 | H11: 67.6 | I11: 67.3 | J11: 8 | K11: 0.15 | L11: 24 | M11: 2 | N11: 58.437689 | O11: 6.49 | P11: 9 | Q11: 75.942308 | R11: 48.08 | S11: 28.85 | T11: 67.31 | U11: 75 | V11: 275 | W11: 2 | X11: 2 | Y11: 0 | Z11: 0 | AA11: 48.5 | AC11: 52157.1 | AD11: 0.12 | AE11: 45.83 | AF11: 3.02 | AG11: =AV11+AW11+AX11+AY11+AZ11 -> 0.51003848 | AH11: ~ estimación estatal | AI11: =(G11-MIN($G$2:$G$126))/(MAX($G$2:$G$126)-MIN($G$2:$G$126)) -> 0.65492958 | AJ11: =(N11-MIN($N$2:$N$126))/(MAX($N$2:$N$126)-MIN($N$2:$N$126)) -> 0.0012325247 | AK11: =(O11-MIN($O$2:$O$126))/(MAX($O$2:$O$126)-MIN($O$2:$O$126)) -> 0.31612275 | AL11: =(S11-MIN($S$2:$S$126))/(MAX($S$2:$S$126)-MIN($S$2:$S$126)) -> 0.4264432 | AM11: =(T11-MIN($T$2:$T$126))/(MAX($T$2:$T$126)-MIN($T$2:$T$126)) -> 0.69249604 | AN11: =1-(AC11-MIN($AC$2:$AC$126))/(MAX($AC$2:$AC$126)-MIN($AC$2:$AC$126)) -> 0.6258069 | AO11: =(AD11-MIN($AD$2:$AD$126))/(MAX($AD$2:$AD$126)-MIN($AD$2:$AD$126)) -> 0.071856287 | AP11: =1-(AE11-MIN($AE$2:$AE$126))/(MAX($AE$2:$AE$126)-MIN($AE$2:$AE$126)) -> 0.5417 | AQ11: =(V11-MIN($V$2:$V$126))/(MAX($V$2:$V$126)-MIN($V$2:$V$126)) -> 0.76388889 | AR11: =1-(Y11-MIN($Y$2:$Y$126))/(MAX($Y$2:$Y$126)-MIN($Y$2:$Y$126)) -> 1 | AS11: =1-(AA11-MIN($AA$2:$AA$126))/(MAX($AA$2:$AA$126)-MIN($AA$2:$AA$126)) -> 0.65004227 | AT11: =(K11-MIN($K$2:$K$126))/(MAX($K$2:$K$126)-MIN($K$2:$K$126)) -> 0.3030303 | AU11: =(L11-MIN($L$2:$L$126))/(MAX($L$2:$L$126)-MIN($L$2:$L$126)) -> 0.0024603609 | AV11: =(AI11*(Tablero!$B$5/100)+AJ11*(Tablero!$B$6/100))*(Tablero!$B$4/100) -> 0.098362689 | AW11: =(AK11*(Tablero!$B$8/100))*(Tablero!$B$7/100) -> 0.079030687 | AX11: =(AL11*(Tablero!$B$10/100)+AM11*(Tablero!$B$11/100)+AN11*(Tablero!$B$12/100)+AO11*(Tablero!$B$13/100)+AP11*(Tablero!$B$14/100))*(Tablero!$B$9/100) -> 0.10736789 | AY11: =(AQ11*(Tablero!$B$16/100)+AR11*(Tablero!$B$17/100)+AS11*(Tablero!$B$18/100))*(Tablero!$B$15/100) -> 0.21763995 | AZ11: =(AT11*(Tablero!$B$20/100)+AU11*(Tablero!$B$21/100))*(Tablero!$B$19/100) -> 0.0076372666
B12: 14087 | C12: Tecalitlán | D12: 15936 | E12: 187 | F12: 74 | G12: 31.7 | H12: 75.3 | I12: 60.4 | J12: 44 | K12: 0.24 | L12: 102 | M12: 1 | N12: 241.72731 | O12: 7.11 | P12: 34 | Q12: 72.13369 | R12: 51.87 | S12: 37.43 | T12: 52.94 | U12: 50.27 | V12: 220 | W12: 5 | X12: 5 | Y12: 0 | Z12: 0 | AA12: 31.4 | AB12: 23 | AC12: 39447.45 | AD12: 0.09 | AE12: 26.09 | AF12: 3.48 | AG12: =AV12+AW12+AX12+AY12+AZ12 -> 0.51348599 | AH12: ✓ datos directos | AI12: =(G12-MIN($G$2:$G$126))/(MAX($G$2:$G$126)-MIN($G$2:$G$126)) -> 0.5915493 | AJ12: =(N12-MIN($N$2:$N$126))/(MAX($N$2:$N$126)-MIN($N$2:$N$126)) -> 0.0050983345 | AK12: =(O12-MIN($O$2:$O$126))/(MAX($O$2:$O$126)-MIN($O$2:$O$126)) -> 0.34632245 | AL12: =(S12-MIN($S$2:$S$126))/(MAX($S$2:$S$126)-MIN($S$2:$S$126)) -> 0.62616387 | AM12: =(T12-MIN($T$2:$T$126))/(MAX($T$2:$T$126)-MIN($T$2:$T$126)) -> 0.48552499 | AN12: =1-(AC12-MIN($AC$2:$AC$126))/(MAX($AC$2:$AC$126)-MIN($AC$2:$AC$126)) -> 0.755234 | AO12: =(AD12-MIN($AD$2:$AD$126))/(MAX($AD$2:$AD$126)-MIN($AD$2:$AD$126)) -> 0.053892216 | AP12: =1-(AE12-MIN($AE$2:$AE$126))/(MAX($AE$2:$AE$126)-MIN($AE$2:$AE$126)) -> 0.7391 | AQ12: =(V12-MIN($V$2:$V$126))/(MAX($V$2:$V$126)-MIN($V$2:$V$126)) -> 0.61111111 | AR12: =1-(Y12-MIN($Y$2:$Y$126))/(MAX($Y$2:$Y$126)-MIN($Y$2:$Y$126)) -> 1 | AS12: =1-(AA12-MIN($AA$2:$AA$126))/(MAX($AA$2:$AA$126)-MIN($AA$2:$AA$126)) -> 0.79459003 | AT12: =(K12-MIN($K$2:$K$126))/(MAX($K$2:$K$126)-MIN($K$2:$K$126)) -> 0.57575758 | AU12: =(L12-MIN($L$2:$L$126))/(MAX($L$2:$L$126)-MIN($L$2:$L$126)) -> 0.013121925 | AV12: =(AI12*(Tablero!$B$5/100)+AJ12*(Tablero!$B$6/100))*(Tablero!$B$4/100) -> 0.089242228 | AW12: =(AK12*(Tablero!$B$8/100))*(Tablero!$B$7/100) -> 0.086580614 | AX12: =(AL12*(Tablero!$B$10/100)+AM12*(Tablero!$B$11/100)+AN12*(Tablero!$B$12/100)+AO12*(Tablero!$B$13/100)+AP12*(Tablero!$B$14/100))*(Tablero!$B$9/100) -> 0.1169653 | AY12: =(AQ12*(Tablero!$B$16/100)+AR12*(Tablero!$B$17/100)+AS12*(Tablero!$B$18/100))*(Tablero!$B$15/100) -> 0.20597586 | AZ12: =(AT12*(Tablero!$B$20/100)+AU12*(Tablero!$B$21/100))*(Tablero!$B$19/100) -> 0.014721988
B13: 14103 | C13: Tonila | D13: 7709 | E13: 108 | F13: 48 | G13: 38.8 | H13: 103.5 | I13: 55.6 | J13: 32 | K13: 0.3 | L13: 57 | M13: 1 | N13: 188.10697 | O13: 7.23 | P13: 26 | Q13: 70.759259 | R13: 46.3 | S13: 40.74 | T13: 28.7 | U13: 52.78 | V13: 180 | W13: 3 | X13: 3 | Y13: 0 | Z13: 0 | AA13: 38.9 | AC13: 52157.1 | AD13: 0.12 | AE13: 45.83 | AF13: 3.02 | AG13: =AV13+AW13+AX13+AY13+AZ13 -> 0.49410178 | AH13: ~ estimación estatal | AI13: =(G13-MIN($G$2:$G$126))/(MAX($G$2:$G$126)-MIN($G$2:$G$126)) -> 0.75821596 | AJ13: =(N13-MIN($N$2:$N$126))/(MAX($N$2:$N$126)-MIN($N$2:$N$126)) -> 0.0039674138 | AK13: =(O13-MIN($O$2:$O$126))/(MAX($O$2:$O$126)-MIN($O$2:$O$126)) -> 0.35216756 | AL13: =(S13-MIN($S$2:$S$126))/(MAX($S$2:$S$126)-MIN($S$2:$S$126)) -> 0.70321229 | AM13: =(T13-MIN($T$2:$T$126))/(MAX($T$2:$T$126)-MIN($T$2:$T$126)) -> 0.13639637 | AN13: =1-(AC13-MIN($AC$2:$AC$126))/(MAX($AC$2:$AC$126)-MIN($AC$2:$AC$126)) -> 0.6258069 | AO13: =(AD13-MIN($AD$2:$AD$126))/(MAX($AD$2:$AD$126)-MIN($AD$2:$AD$126)) -> 0.071856287 | AP13: =1-(AE13-MIN($AE$2:$AE$126))/(MAX($AE$2:$AE$126)-MIN($AE$2:$AE$126)) -> 0.5417 | AQ13: =(V13-MIN($V$2:$V$126))/(MAX($V$2:$V$126)-MIN($V$2:$V$126)) -> 0.5 | AR13: =1-(Y13-MIN($Y$2:$Y$126))/(MAX($Y$2:$Y$126)-MIN($Y$2:$Y$126)) -> 1 | AS13: =1-(AA13-MIN($AA$2:$AA$126))/(MAX($AA$2:$AA$126)-MIN($AA$2:$AA$126)) -> 0.73119189 | AT13: =(K13-MIN($K$2:$K$126))/(MAX($K$2:$K$126)-MIN($K$2:$K$126)) -> 0.75757576 | AU13: =(L13-MIN($L$2:$L$126))/(MAX($L$2:$L$126)-MIN($L$2:$L$126)) -> 0.0069710224 | AV13: =(AI13*(Tablero!$B$5/100)+AJ13*(Tablero!$B$6/100))*(Tablero!$B$4/100) -> 0.11412914 | AW13: =(AK13*(Tablero!$B$8/100))*(Tablero!$B$7/100) -> 0.08804189 | AX13: =(AL13*(Tablero!$B$10/100)+AM13*(Tablero!$B$11/100)+AN13*(Tablero!$B$12/100)+AO13*(Tablero!$B$13/100)+AP13*(Tablero!$B$14/100))*(Tablero!$B$9/100) -> 0.079537292 | AY13: =(AQ13*(Tablero!$B$16/100)+AR13*(Tablero!$B$17/100)+AS13*(Tablero!$B$18/100))*(Tablero!$B$15/100) -> 0.1932798 | AZ13: =(AT13*(Tablero!$B$20/100)+AU13*(Tablero!$B$21/100))*(Tablero!$B$19/100) -> 0.019113669
B14: 14089 | C14: Techaluta de Montenegro | D14: 4355 | E14: 49 | F14: 20 | G14: 32.1 | H14: 78.6 | I14: 59.2 | J14: 16 | K14: 0.33 | L14: 19 | M14: 3 | N14: 62.061831 | O14: 5.64 | P14: 11 | Q14: 75.428571 | R14: 57.14 | S14: 48.98 | T14: 57.14 | U14: 59.18 | V14: 190 | W14: 2 | X14: 2 | Y14: 0 | Z14: 0 | AA14: 45.9 | AB14: 40 | AC14: 57894.95 | AD14: 0.1 | AE14: 32.5 | AF14: 4.07 | AG14: =AV14+AW14+AX14+AY14+AZ14 -> 0.49199311 | AH14: ✓ datos directos | AI14: =(G14-MIN($G$2:$G$126))/(MAX($G$2:$G$126)-MIN($G$2:$G$126)) -> 0.60093897 | AJ14: =(N14-MIN($N$2:$N$126))/(MAX($N$2:$N$126)-MIN($N$2:$N$126)) -> 0.0013089625 | AK14: =(O14-MIN($O$2:$O$126))/(MAX($O$2:$O$126)-MIN($O$2:$O$126)) -> 0.27471992 | AL14: =(S14-MIN($S$2:$S$126))/(MAX($S$2:$S$126)-MIN($S$2:$S$126)) -> 0.89501862 | AM14: =(T14-MIN($T$2:$T$126))/(MAX($T$2:$T$126)-MIN($T$2:$T$126)) -> 0.54601757 | AN14: =1-(AC14-MIN($AC$2:$AC$126))/(MAX($AC$2:$AC$126)-MIN($AC$2:$AC$126)) -> 0.56737624 | AO14: =(AD14-MIN($AD$2:$AD$126))/(MAX($AD$2:$AD$126)-MIN($AD$2:$AD$126)) -> 0.05988024 | AP14: =1-(AE14-MIN($AE$2:$AE$126))/(MAX($AE$2:$AE$126)-MIN($AE$2:$AE$126)) -> 0.675 | AQ14: =(V14-MIN($V$2:$V$126))/(MAX($V$2:$V$126)-MIN($V$2:$V$126)) -> 0.52777778 | AR14: =1-(Y14-MIN($Y$2:$Y$126))/(MAX($Y$2:$Y$126)-MIN($Y$2:$Y$126)) -> 1 | AS14: =1-(AA14-MIN($AA$2:$AA$126))/(MAX($AA$2:$AA$126)-MIN($AA$2:$AA$126)) -> 0.67202029 | AT14: =(K14-MIN($K$2:$K$126))/(MAX($K$2:$K$126)-MIN($K$2:$K$126)) -> 0.84848485 | AU14: =(L14-MIN($L$2:$L$126))/(MAX($L$2:$L$126)-MIN($L$2:$L$126)) -> 0.0017769273 | AV14: =(AI14*(Tablero!$B$5/100)+AJ14*(Tablero!$B$6/100))*(Tablero!$B$4/100) -> 0.090271741 | AW14: =(AK14*(Tablero!$B$8/100))*(Tablero!$B$7/100) -> 0.068679981 | AX14: =(AL14*(Tablero!$B$10/100)+AM14*(Tablero!$B$11/100)+AN14*(Tablero!$B$12/100)+AO14*(Tablero!$B$13/100)+AP14*(Tablero!$B$14/100))*(Tablero!$B$9/100) -> 0.11720656 | AY14: =(AQ14*(Tablero!$B$16/100)+AR14*(Tablero!$B$17/100)+AS14*(Tablero!$B$18/100))*(Tablero!$B$15/100) -> 0.19457828 | AZ14: =(AT14*(Tablero!$B$20/100)+AU14*(Tablero!$B$21/100))*(Tablero!$B$19/100) -> 0.021256544
B15: 14014 | C15: Atoyac | D15: 9122 | E15: 117 | F15: 36 | G15: 36.2 | H15: 66.9 | I15: 69.2 | J15: 33 | K15: 0.28 | L15: 54 | M15: 0 | N15: 134.89297 | O15: 5.86 | P15: 23 | Q15: 73.726496 | R15: 48.72 | S15: 38.46 | T15: 64.96 | U15: 63.25 | V15: 80 | W15: 3 | X15: 3 | Y15: 0 | Z15: 0 | AA15: 32.9 | AB15: 23 | AC15: 50833.81 | AD15: 0.04 | AE15: 43.48 | AF15: 1.53 | AG15: =AV15+AW15+AX15+AY15+AZ15 -> 0.47158163 | AH15: ✓ datos directos | AI15: =(G15-MIN($G$2:$G$126))/(MAX($G$2:$G$126)-MIN($G$2:$G$126)) -> 0.6971831 | AJ15: =(N15-MIN($N$2:$N$126))/(MAX($N$2:$N$126)-MIN($N$2:$N$126)) -> 0.0028450633 | AK15: =(O15-MIN($O$2:$O$126))/(MAX($O$2:$O$126)-MIN($O$2:$O$126)) -> 0.28543595 | AL15: =(S15-MIN($S$2:$S$126))/(MAX($S$2:$S$126)-MIN($S$2:$S$126)) -> 0.65013966 | AM15: =(T15-MIN($T$2:$T$126))/(MAX($T$2:$T$126)-MIN($T$2:$T$126)) -> 0.658649 | AN15: =1-(AC15-MIN($AC$2:$AC$126))/(MAX($AC$2:$AC$126)-MIN($AC$2:$AC$126)) -> 0.63928246 | AO15: =(AD15-MIN($AD$2:$AD$126))/(MAX($AD$2:$AD$126)-MIN($AD$2:$AD$126)) -> 0.023952096 | AP15: =1-(AE15-MIN($AE$2:$AE$126))/(MAX($AE$2:$AE$126)-MIN($AE$2:$AE$126)) -> 0.5652 | AQ15: =(V15-MIN($V$2:$V$126))/(MAX($V$2:$V$126)-MIN($V$2:$V$126)) -> 0.22222222 | AR15: =1-(Y15-MIN($Y$2:$Y$126))/(MAX($Y$2:$Y$126)-MIN($Y$2:$Y$126)) -> 1 | AS15: =1-(AA15-MIN($AA$2:$AA$126))/(MAX($AA$2:$AA$126)-MIN($AA$2:$AA$126)) -> 0.7819104 | AT15: =(K15-MIN($K$2:$K$126))/(MAX($K$2:$K$126)-MIN($K$2:$K$126)) -> 0.6969697 | AU15: =(L15-MIN($L$2:$L$126))/(MAX($L$2:$L$126)-MIN($L$2:$L$126)) -> 0.0065609623 | AV15: =(AI15*(Tablero!$B$5/100)+AJ15*(Tablero!$B$6/100))*(Tablero!$B$4/100) -> 0.10486197 | AW15: =(AK15*(Tablero!$B$8/100))*(Tablero!$B$7/100) -> 0.071358987 | AX15: =(AL15*(Tablero!$B$10/100)+AM15*(Tablero!$B$11/100)+AN15*(Tablero!$B$12/100)+AO15*(Tablero!$B$13/100)+AP15*(Tablero!$B$14/100))*(Tablero!$B$9/100) -> 0.11100242 | AY15: =(AQ15*(Tablero!$B$16/100)+AR15*(Tablero!$B$17/100)+AS15*(Tablero!$B$18/100))*(Tablero!$B$15/100) -> 0.16676998 | AZ15: =(AT15*(Tablero!$B$20/100)+AU15*(Tablero!$B$21/100))*(Tablero!$B$19/100) -> 0.017588266
B16: 14011 | C16: Atengo | D16: 5743 | E16: 47 | F16: 20 | G16: 22.8 | H16: 58.3 | I16: 57.4 | J16: 10 | K16: 0.21 | L16: 26 | M16: 0 | N16: 148.73878 | O16: 8.75 | P16: 17 | Q16: 69.489362 | R16: 46.81 | S16: 48.94 | T16: 59.57 | U16: 72.34 | V16: 195 | W16: 2 | X16: 2 | Y16: 0 | Z16: 0 | AA16: 34.8 | AB16: 93 | AC16: 41113.71 | AD16: 0.16 | AE16: 38.71 | AF16: 4.85 | AG16: =AV16+AW16+AX16+AY16+AZ16 -> 0.49321817 | AH16: ✓ datos directos | AI16: =(G16-MIN($G$2:$G$126))/(MAX($G$2:$G$126)-MIN($G$2:$G$126)) -> 0.38262911 | AJ16: =(N16-MIN($N$2:$N$126))/(MAX($N$2:$N$126)-MIN($N$2:$N$126)) -> 0.003137089 | AK16: =(O16-MIN($O$2:$O$126))/(MAX($O$2:$O$126)-MIN($O$2:$O$126)) -> 0.42620555 | AL16: =(S16-MIN($S$2:$S$126))/(MAX($S$2:$S$126)-MIN($S$2:$S$126)) -> 0.89408752 | AM16: =(T16-MIN($T$2:$T$126))/(MAX($T$2:$T$126)-MIN($T$2:$T$126)) -> 0.58101685 | AN16: =1-(AC16-MIN($AC$2:$AC$126))/(MAX($AC$2:$AC$126)-MIN($AC$2:$AC$126)) -> 0.73826585 | AO16: =(AD16-MIN($AD$2:$AD$126))/(MAX($AD$2:$AD$126)-MIN($AD$2:$AD$126)) -> 0.095808383 | AP16: =1-(AE16-MIN($AE$2:$AE$126))/(MAX($AE$2:$AE$126)-MIN($AE$2:$AE$126)) -> 0.6129 | AQ16: =(V16-MIN($V$2:$V$126))/(MAX($V$2:$V$126)-MIN($V$2:$V$126)) -> 0.54166667 | AR16: =1-(Y16-MIN($Y$2:$Y$126))/(MAX($Y$2:$Y$126)-MIN($Y$2:$Y$126)) -> 1 | AS16: =1-(AA16-MIN($AA$2:$AA$126))/(MAX($AA$2:$AA$126)-MIN($AA$2:$AA$126)) -> 0.76584954 | AT16: =(K16-MIN($K$2:$K$126))/(MAX($K$2:$K$126)-MIN($K$2:$K$126)) -> 0.48484848 | AU16: =(L16-MIN($L$2:$L$126))/(MAX($L$2:$L$126)-MIN($L$2:$L$126)) -> 0.0027337343 | AV16: =(AI16*(Tablero!$B$5/100)+AJ16*(Tablero!$B$6/100))*(Tablero!$B$4/100) -> 0.057708075 | AW16: =(AK16*(Tablero!$B$8/100))*(Tablero!$B$7/100) -> 0.10655139 | AX16: =(AL16*(Tablero!$B$10/100)+AM16*(Tablero!$B$11/100)+AN16*(Tablero!$B$12/100)+AO16*(Tablero!$B$13/100)+AP16*(Tablero!$B$14/100))*(Tablero!$B$9/100) -> 0.11845625 | AY16: =(AQ16*(Tablero!$B$16/100)+AR16*(Tablero!$B$17/100)+AS16*(Tablero!$B$18/100))*(Tablero!$B$15/100) -> 0.19831291 | AZ16: =(AT16*(Tablero!$B$20/100)+AU16*(Tablero!$B$21/100))*(Tablero!$B$19/100) -> 0.012189555
B17: 14021 | C17: Casimiro Castillo | D17: 20792 | E17: 312 | F17: 124 | G17: 41.4 | H17: 98.8 | I17: 60.3 | J17: 83 | K17: 0.27 | L17: 162 | M17: 5 | N17: 485.74885 | O17: 7.14 | P17: 68 | Q17: 69.810897 | R17: 49.68 | S17: 36.22 | T17: 28.21 | U17: 37.82 | V17: 270 | W17: 7 | X17: 6 | Y17: 1 | Z17: 0 | AA17: 33.7 | AB17: 18 | AC17: 35350.66 | AD17: 0 | AE17: 38.89 | AF17: 0.83 | AG17: =AV17+AW17+AX17+AY17+AZ17 -> 0.53068148 | AH17: ✓ datos directos | AI17: =(G17-MIN($G$2:$G$126))/(MAX($G$2:$G$126)-MIN($G$2:$G$126)) -> 0.81924883 | AJ17: =(N17-MIN($N$2:$N$126))/(MAX($N$2:$N$126)-MIN($N$2:$N$126)) -> 0.010245057 | AK17: =(O17-MIN($O$2:$O$126))/(MAX($O$2:$O$126)-MIN($O$2:$O$126)) -> 0.34778373 | AL17: =(S17-MIN($S$2:$S$126))/(MAX($S$2:$S$126)-MIN($S$2:$S$126)) -> 0.59799814 | AM17: =(T17-MIN($T$2:$T$126))/(MAX($T$2:$T$126)-MIN($T$2:$T$126)) -> 0.1293389 | AN17: =1-(AC17-MIN($AC$2:$AC$126))/(MAX($AC$2:$AC$126)-MIN($AC$2:$AC$126)) -> 0.79695314 | AO17: =(AD17-MIN($AD$2:$AD$126))/(MAX($AD$2:$AD$126)-MIN($AD$2:$AD$126)) -> 0 | AP17: =1-(AE17-MIN($AE$2:$AE$126))/(MAX($AE$2:$AE$126)-MIN($AE$2:$AE$126)) -> 0.6111 | AQ17: =(V17-MIN($V$2:$V$126))/(MAX($V$2:$V$126)-MIN($V$2:$V$126)) -> 0.75 | AR17: =1-(Y17-MIN($Y$2:$Y$126))/(MAX($Y$2:$Y$126)-MIN($Y$2:$Y$126)) -> 0.98958333 | AS17: =1-(AA17-MIN($AA$2:$AA$126))/(MAX($AA$2:$AA$126)-MIN($AA$2:$AA$126)) -> 0.77514793 | AT17: =(K17-MIN($K$2:$K$126))/(MAX($K$2:$K$126)-MIN($K$2:$K$126)) -> 0.66666667 | AU17: =(L17-MIN($L$2:$L$126))/(MAX($L$2:$L$126)-MIN($L$2:$L$126)) -> 0.021323127 | AV17: =(AI17*(Tablero!$B$5/100)+AJ17*(Tablero!$B$6/100))*(Tablero!$B$4/100) -> 0.12391183 | AW17: =(AK17*(Tablero!$B$8/100))*(Tablero!$B$7/100) -> 0.086945933 | AX17: =(AL17*(Tablero!$B$10/100)+AM17*(Tablero!$B$11/100)+AN17*(Tablero!$B$12/100)+AO17*(Tablero!$B$13/100)+AP17*(Tablero!$B$14/100))*(Tablero!$B$9/100) -> 0.08454736 | AY17: =(AQ17*(Tablero!$B$16/100)+AR17*(Tablero!$B$17/100)+AS17*(Tablero!$B$18/100))*(Tablero!$B$15/100) -> 0.21807661 | AZ17: =(AT17*(Tablero!$B$20/100)+AU17*(Tablero!$B$21/100))*(Tablero!$B$19/100) -> 0.017199745
B18: 14041 | C18: Huejúcar | D18: 6212 | E18: 54 | F18: 16 | G18: 24.5 | H18: 43.6 | I18: 70.4 | J18: 16 | K18: 0.3 | L18: 24 | M18: 1 | N18: 16.618764 | O18: 2.77 | P18: 6 | Q18: 75.925926 | R18: 42.59 | S18: 51.85 | T18: 61.11 | U18: 61.11 | V18: 285 | W18: 4 | X18: 4 | Y18: 0 | Z18: 0 | AA18: 64.4 | AB18: 21 | AC18: 35735.83 | AD18: 0.76 | AE18: 9.52 | AF18: 1.79 | AG18: =AV18+AW18+AX18+AY18+AZ18 -> 0.48597974 | AH18: ✓ datos directos | AI18: =(G18-MIN($G$2:$G$126))/(MAX($G$2:$G$126)-MIN($G$2:$G$126)) -> 0.42253521 | AJ18: =(N18-MIN($N$2:$N$126))/(MAX($N$2:$N$126)-MIN($N$2:$N$126)) -> 0.00035051074 | AK18: =(O18-MIN($O$2:$O$126))/(MAX($O$2:$O$126)-MIN($O$2:$O$126)) -> 0.1349245 | AL18: =(S18-MIN($S$2:$S$126))/(MAX($S$2:$S$126)-MIN($S$2:$S$126)) -> 0.96182495 | AM18: =(T18-MIN($T$2:$T$126))/(MAX($T$2:$T$126)-MIN($T$2:$T$126)) -> 0.60319747 | AN18: =1-(AC18-MIN($AC$2:$AC$126))/(MAX($AC$2:$AC$126)-MIN($AC$2:$AC$126)) -> 0.79303081 | AO18: =(AD18-MIN($AD$2:$AD$126))/(MAX($AD$2:$AD$126)-MIN($AD$2:$AD$126)) -> 0.45508982 | AP18: =1-(AE18-MIN($AE$2:$AE$126))/(MAX($AE$2:$AE$126)-MIN($AE$2:$AE$126)) -> 0.9048 | AQ18: =(V18-MIN($V$2:$V$126))/(MAX($V$2:$V$126)-MIN($V$2:$V$126)) -> 0.79166667 | AR18: =1-(Y18-MIN($Y$2:$Y$126))/(MAX($Y$2:$Y$126)-MIN($Y$2:$Y$126)) -> 1 | AS18: =1-(AA18-MIN($AA$2:$AA$126))/(MAX($AA$2:$AA$126)-MIN($AA$2:$AA$126)) -> 0.51563821 | AT18: =(K18-MIN($K$2:$K$126))/(MAX($K$2:$K$126)-MIN($K$2:$K$126)) -> 0.75757576 | AU18: =(L18-MIN($L$2:$L$126))/(MAX($L$2:$L$126)-MIN($L$2:$L$126)) -> 0.0024603609 | AV18: =(AI18*(Tablero!$B$5/100)+AJ18*(Tablero!$B$6/100))*(Tablero!$B$4/100) -> 0.063415333 | AW18: =(AK18*(Tablero!$B$8/100))*(Tablero!$B$7/100) -> 0.033731125 | AX18: =(AL18*(Tablero!$B$10/100)+AM18*(Tablero!$B$11/100)+AN18*(Tablero!$B$12/100)+AO18*(Tablero!$B$13/100)+AP18*(Tablero!$B$14/100))*(Tablero!$B$9/100) -> 0.15277476 | AY18: =(AQ18*(Tablero!$B$16/100)+AR18*(Tablero!$B$17/100)+AS18*(Tablero!$B$18/100))*(Tablero!$B$15/100) -> 0.21705762 | AZ18: =(AT18*(Tablero!$B$20/100)+AU18*(Tablero!$B$21/100))*(Tablero!$B$19/100) -> 0.019000903
B19: 14057 | C19: La Manzanilla de la Paz | D19: 4515 | E19: 44 | F19: 4 | G19: 28.2 | H19: 15.4 | I19: 90.9 | J19: 5 | K19: 0.11 | L19: 25 | M19: 0 | N19: 31.509141 | O19: 7.88 | P19: 4 | Q19: 73.227273 | R19: 31.82 | S19: 31.82 | T19: 70.45 | U19: 68.18 | V19: 160 | W19: 2 | X19: 2 | Y19: 0 | Z19: 0 | AA19: 44.3 | AC19: 52157.1 | AD19: 0.12 | AE19: 45.83 | AF19: 3.02 | AG19: =AV19+AW19+AX19+AY19+AZ19 -> 0.4750896 | AH19: ~ estimación estatal | AI19: =(G19-MIN($G$2:$G$126))/(MAX($G$2:$G$126)-MIN($G$2:$G$126)) -> 0.50938967 | AJ19: =(N19-MIN($N$2:$N$126))/(MAX($N$2:$N$126)-MIN($N$2:$N$126)) -> 0.00066456762 | AK19: =(O19-MIN($O$2:$O$126))/(MAX($O$2:$O$126)-MIN($O$2:$O$126)) -> 0.38382854 | AL19: =(S19-MIN($S$2:$S$126))/(MAX($S$2:$S$126)-MIN($S$2:$S$126)) -> 0.49557728 | AM19: =(T19-MIN($T$2:$T$126))/(MAX($T$2:$T$126)-MIN($T$2:$T$126)) -> 0.73772145 | AN19: =1-(AC19-MIN($AC$2:$AC$126))/(MAX($AC$2:$AC$126)-MIN($AC$2:$AC$126)) -> 0.6258069 | AO19: =(AD19-MIN($AD$2:$AD$126))/(MAX($AD$2:$AD$126)-MIN($AD$2:$AD$126)) -> 0.071856287 | AP19: =1-(AE19-MIN($AE$2:$AE$126))/(MAX($AE$2:$AE$126)-MIN($AE$2:$AE$126)) -> 0.5417 | AQ19: =(V19-MIN($V$2:$V$126))/(MAX($V$2:$V$126)-MIN($V$2:$V$126)) -> 0.44444444 | AR19: =1-(Y19-MIN($Y$2:$Y$126))/(MAX($Y$2:$Y$126)-MIN($Y$2:$Y$126)) -> 1 | AS19: =1-(AA19-MIN($AA$2:$AA$126))/(MAX($AA$2:$AA$126)-MIN($AA$2:$AA$126)) -> 0.68554522 | AT19: =(K19-MIN($K$2:$K$126))/(MAX($K$2:$K$126)-MIN($K$2:$K$126)) -> 0.18181818 | AU19: =(L19-MIN($L$2:$L$126))/(MAX($L$2:$L$126)-MIN($L$2:$L$126)) -> 0.0025970476 | AV19: =(AI19*(Tablero!$B$5/100)+AJ19*(Tablero!$B$6/100))*(Tablero!$B$4/100) -> 0.076474907 | AW19: =(AK19*(Tablero!$B$8/100))*(Tablero!$B$7/100) -> 0.095957136 | AX19: =(AL19*(Tablero!$B$10/100)+AM19*(Tablero!$B$11/100)+AN19*(Tablero!$B$12/100)+AO19*(Tablero!$B$13/100)+AP19*(Tablero!$B$14/100))*(Tablero!$B$9/100) -> 0.1114641 | AY19: =(AQ19*(Tablero!$B$16/100)+AR19*(Tablero!$B$17/100)+AS19*(Tablero!$B$18/100))*(Tablero!$B$15/100) -> 0.18658308 | AZ19: =(AT19*(Tablero!$B$20/100)+AU19*(Tablero!$B$21/100))*(Tablero!$B$19/100) -> 0.0046103807
B20: 14054 | C20: El Limón | D20: 5390 | E20: 80 | F20: 42 | G20: 41 | H20: 129.1 | I20: 47.5 | J20: 16 | K20: 0.2 | L20: 35 | M20: 0 | N20: 45.29262 | O20: 1.97 | P20: 23 | Q20: 74.625 | R20: 51.25 | S20: 46.25 | T20: 46.25 | U20: 51.25 | V20: 215 | W20: 3 | X20: 3 | Y20: 0 | Z20: 0 | AA20: 55.7 | AC20: 52157.1 | AD20: 0.12 | AE20: 45.83 | AF20: 3.02 | AG20: =AV20+AW20+AX20+AY20+AZ20 -> 0.45374697 | AH20: ~ estimación estatal | AI20: =(G20-MIN($G$2:$G$126))/(MAX($G$2:$G$126)-MIN($G$2:$G$126)) -> 0.80985915 | AJ20: =(N20-MIN($N$2:$N$126))/(MAX($N$2:$N$126)-MIN($N$2:$N$126)) -> 0.0009552786 | AK20: =(O20-MIN($O$2:$O$126))/(MAX($O$2:$O$126)-MIN($O$2:$O$126)) -> 0.095957136 | AL20: =(S20-MIN($S$2:$S$126))/(MAX($S$2:$S$126)-MIN($S$2:$S$126)) -> 0.83147114 | AM20: =(T20-MIN($T$2:$T$126))/(MAX($T$2:$T$126)-MIN($T$2:$T$126)) -> 0.38916895 | AN20: =1-(AC20-MIN($AC$2:$AC$126))/(MAX($AC$2:$AC$126)-MIN($AC$2:$AC$126)) -> 0.6258069 | AO20: =(AD20-MIN($AD$2:$AD$126))/(MAX($AD$2:$AD$126)-MIN($AD$2:$AD$126)) -> 0.071856287 | AP20: =1-(AE20-MIN($AE$2:$AE$126))/(MAX($AE$2:$AE$126)-MIN($AE$2:$AE$126)) -> 0.5417 | AQ20: =(V20-MIN($V$2:$V$126))/(MAX($V$2:$V$126)-MIN($V$2:$V$126)) -> 0.59722222 | AR20: =1-(Y20-MIN($Y$2:$Y$126))/(MAX($Y$2:$Y$126)-MIN($Y$2:$Y$126)) -> 1 | AS20: =1-(AA20-MIN($AA$2:$AA$126))/(MAX($AA$2:$AA$126)-MIN($AA$2:$AA$126)) -> 0.58918005 | AT20: =(K20-MIN($K$2:$K$126))/(MAX($K$2:$K$126)-MIN($K$2:$K$126)) -> 0.45454545 | AU20: =(L20-MIN($L$2:$L$126))/(MAX($L$2:$L$126)-MIN($L$2:$L$126)) -> 0.0039639147 | AV20: =(AI20*(Tablero!$B$5/100)+AJ20*(Tablero!$B$6/100))*(Tablero!$B$4/100) -> 0.1215744 | AW20: =(AK20*(Tablero!$B$8/100))*(Tablero!$B$7/100) -> 0.023989284 | AX20: =(AL20*(Tablero!$B$10/100)+AM20*(Tablero!$B$11/100)+AN20*(Tablero!$B$12/100)+AO20*(Tablero!$B$13/100)+AP20*(Tablero!$B$14/100))*(Tablero!$B$9/100) -> 0.097268823 | AY20: =(AQ20*(Tablero!$B$16/100)+AR20*(Tablero!$B$17/100)+AS20*(Tablero!$B$18/100))*(Tablero!$B$15/100) -> 0.19945172 | AZ20: =(AT20*(Tablero!$B$20/100)+AU20*(Tablero!$B$21/100))*(Tablero!$B$19/100) -> 0.011462734
B21: 14113 | C21: San Gabriel | D21: 17388 | E21: 188 | F21: 55 | G21: 30.5 | H21: 53.5 | I21: 70.7 | J21: 30 | K21: 0.16 | L21: 97 | M21: 4 | N21: 206.67502 | O21: 7.13 | P21: 29 | Q21: 70.920213 | R21: 50.53 | S21: 39.89 | T21: 47.34 | U21: 60.64 | V21: 185 | W21: 10 | X21: 10 | Y21: 0 | Z21: 0 | AA21: 57.5 | AB21: 50 | AC21: 53030.07 | AD21: 0.66 | AE21: 30 | AF21: 3.06 | AG21: =AV21+AW21+AX21+AY21+AZ21 -> 0.48535256 | AH21: ✓ datos directos | AI21: =(G21-MIN($G$2:$G$126))/(MAX($G$2:$G$126)-MIN($G$2:$G$126)) -> 0.56338028 | AJ21: =(N21-MIN($N$2:$N$126))/(MAX($N$2:$N$126)-MIN($N$2:$N$126)) -> 0.0043590374 | AK21: =(O21-MIN($O$2:$O$126))/(MAX($O$2:$O$126)-MIN($O$2:$O$126)) -> 0.34729664 | AL21: =(S21-MIN($S$2:$S$126))/(MAX($S$2:$S$126)-MIN($S$2:$S$126)) -> 0.68342644 | AM21: =(T21-MIN($T$2:$T$126))/(MAX($T$2:$T$126)-MIN($T$2:$T$126)) -> 0.40486821 | AN21: =1-(AC21-MIN($AC$2:$AC$126))/(MAX($AC$2:$AC$126)-MIN($AC$2:$AC$126)) -> 0.61691713 | AO21: =(AD21-MIN($AD$2:$AD$126))/(MAX($AD$2:$AD$126)-MIN($AD$2:$AD$126)) -> 0.39520958 | AP21: =1-(AE21-MIN($AE$2:$AE$126))/(MAX($AE$2:$AE$126)-MIN($AE$2:$AE$126)) -> 0.7 | AQ21: =(V21-MIN($V$2:$V$126))/(MAX($V$2:$V$126)-MIN($V$2:$V$126)) -> 0.51388889 | AR21: =1-(Y21-MIN($Y$2:$Y$126))/(MAX($Y$2:$Y$126)-MIN($Y$2:$Y$126)) -> 1 | AS21: =1-(AA21-MIN($AA$2:$AA$126))/(MAX($AA$2:$AA$126)-MIN($AA$2:$AA$126)) -> 0.5739645 | AT21: =(K21-MIN($K$2:$K$126))/(MAX($K$2:$K$126)-MIN($K$2:$K$126)) -> 0.33333333 | AU21: =(L21-MIN($L$2:$L$126))/(MAX($L$2:$L$126)-MIN($L$2:$L$126)) -> 0.012438491 | AV21: =(AI21*(Tablero!$B$5/100)+AJ21*(Tablero!$B$6/100))*(Tablero!$B$4/100) -> 0.084942946 | AW21: =(AK21*(Tablero!$B$8/100))*(Tablero!$B$7/100) -> 0.08682416 | AX21: =(AL21*(Tablero!$B$10/100)+AM21*(Tablero!$B$11/100)+AN21*(Tablero!$B$12/100)+AO21*(Tablero!$B$13/100)+AP21*(Tablero!$B$14/100))*(Tablero!$B$9/100) -> 0.11420316 | AY21: =(AQ21*(Tablero!$B$16/100)+AR21*(Tablero!$B$17/100)+AS21*(Tablero!$B$18/100))*(Tablero!$B$15/100) -> 0.190738 | AZ21: =(AT21*(Tablero!$B$20/100)+AU21*(Tablero!$B$21/100))*(Tablero!$B$19/100) -> 0.0086442956
B22: 14099 | C22: Tolimán | D22: 12028 | E22: 86 | F22: 48 | G22: 20.4 | H22: 68.4 | I22: 44.2 | J22: 12 | K22: 0.14 | L22: 38 | M22: 1 | N22: 297.95672 | O22: 9.31 | P22: 32 | Q22: 71.116279 | R22: 58.14 | S22: 53.49 | T22: 54.65 | U22: 66.28 | V22: 215 | W22: 3 | X22: 3 | Y22: 0 | Z22: 0 | AA22: 24.9 | AC22: 52157.1 | AD22: 0.12 | AE22: 45.83 | AF22: 3.02 | AG22: =AV22+AW22+AX22+AY22+AZ22 -> 0.48372941 | AH22: ~ estimación estatal | AI22: =(G22-MIN($G$2:$G$126))/(MAX($G$2:$G$126)-MIN($G$2:$G$126)) -> 0.32629108 | AJ22: =(N22-MIN($N$2:$N$126))/(MAX($N$2:$N$126)-MIN($N$2:$N$126)) -> 0.0062842838 | AK22: =(O22-MIN($O$2:$O$126))/(MAX($O$2:$O$126)-MIN($O$2:$O$126)) -> 0.45348271 | AL22: =(S22-MIN($S$2:$S$126))/(MAX($S$2:$S$126)-MIN($S$2:$S$126)) -> 1 | AM22: =(T22-MIN($T$2:$T$126))/(MAX($T$2:$T$126)-MIN($T$2:$T$126)) -> 0.51015411 | AN22: =1-(AC22-MIN($AC$2:$AC$126))/(MAX($AC$2:$AC$126)-MIN($AC$2:$AC$126)) -> 0.6258069 | AO22: =(AD22-MIN($AD$2:$AD$126))/(MAX($AD$2:$AD$126)-MIN($AD$2:$AD$126)) -> 0.071856287 | AP22: =1-(AE22-MIN($AE$2:$AE$126))/(MAX($AE$2:$AE$126)-MIN($AE$2:$AE$126)) -> 0.5417 | AQ22: =(V22-MIN($V$2:$V$126))/(MAX($V$2:$V$126)-MIN($V$2:$V$126)) -> 0.59722222 | AR22: =1-(Y22-MIN($Y$2:$Y$126))/(MAX($Y$2:$Y$126)-MIN($Y$2:$Y$126)) -> 1 | AS22: =1-(AA22-MIN($AA$2:$AA$126))/(MAX($AA$2:$AA$126)-MIN($AA$2:$AA$126)) -> 0.84953508 | AT22: =(K22-MIN($K$2:$K$126))/(MAX($K$2:$K$126)-MIN($K$2:$K$126)) -> 0.27272727 | AU22: =(L22-MIN($L$2:$L$126))/(MAX($L$2:$L$126)-MIN($L$2:$L$126)) -> 0.0043739748 | AV22: =(AI22*(Tablero!$B$5/100)+AJ22*(Tablero!$B$6/100))*(Tablero!$B$4/100) -> 0.04957209 | AW22: =(AK22*(Tablero!$B$8/100))*(Tablero!$B$7/100) -> 0.11337068 | AX22: =(AL22*(Tablero!$B$10/100)+AM22*(Tablero!$B$11/100)+AN22*(Tablero!$B$12/100)+AO22*(Tablero!$B$13/100)+AP22*(Tablero!$B$14/100))*(Tablero!$B$9/100) -> 0.10789851 | AY22: =(AQ22*(Tablero!$B$16/100)+AR22*(Tablero!$B$17/100)+AS22*(Tablero!$B$18/100))*(Tablero!$B$15/100) -> 0.2059606 | AZ22: =(AT22*(Tablero!$B$20/100)+AU22*(Tablero!$B$21/100))*(Tablero!$B$19/100) -> 0.0069275312
B23: 14074 | C23: San Julián | D23: 17789 | E23: 152 | F23: 60 | G23: 24.2 | H23: 57.4 | I23: 60.5 | J23: 18 | K23: 0.12 | L23: 70 | M23: 2 | N23: 246.97669 | O23: 6.86 | P23: 36 | Q23: 73.138158 | R23: 42.11 | S23: 40.79 | T23: 78.29 | U23: 66.45 | V23: 185 | W23: 4 | X23: 4 | Y23: 0 | Z23: 0 | AA23: 22.5 | AC23: 52157.1 | AD23: 0.12 | AE23: 45.83 | AF23: 3.02 | AG23: =AV23+AW23+AX23+AY23+AZ23 -> 0.47245256 | AH23: ~ estimación estatal | AI23: =(G23-MIN($G$2:$G$126))/(MAX($G$2:$G$126)-MIN($G$2:$G$126)) -> 0.41549296 | AJ23: =(N23-MIN($N$2:$N$126))/(MAX($N$2:$N$126)-MIN($N$2:$N$126)) -> 0.0052090506 | AK23: =(O23-MIN($O$2:$O$126))/(MAX($O$2:$O$126)-MIN($O$2:$O$126)) -> 0.33414515 | AL23: =(S23-MIN($S$2:$S$126))/(MAX($S$2:$S$126)-MIN($S$2:$S$126)) -> 0.70437616 | AM23: =(T23-MIN($T$2:$T$126))/(MAX($T$2:$T$126)-MIN($T$2:$T$126)) -> 0.85064093 | AN23: =1-(AC23-MIN($AC$2:$AC$126))/(MAX($AC$2:$AC$126)-MIN($AC$2:$AC$126)) -> 0.6258069 | AO23: =(AD23-MIN($AD$2:$AD$126))/(MAX($AD$2:$AD$126)-MIN($AD$2:$AD$126)) -> 0.071856287 | AP23: =1-(AE23-MIN($AE$2:$AE$126))/(MAX($AE$2:$AE$126)-MIN($AE$2:$AE$126)) -> 0.5417 | AQ23: =(V23-MIN($V$2:$V$126))/(MAX($V$2:$V$126)-MIN($V$2:$V$126)) -> 0.51388889 | AR23: =1-(Y23-MIN($Y$2:$Y$126))/(MAX($Y$2:$Y$126)-MIN($Y$2:$Y$126)) -> 1 | AS23: =1-(AA23-MIN($AA$2:$AA$126))/(MAX($AA$2:$AA$126)-MIN($AA$2:$AA$126)) -> 0.86982249 | AT23: =(K23-MIN($K$2:$K$126))/(MAX($K$2:$K$126)-MIN($K$2:$K$126)) -> 0.21212121 | AU23: =(L23-MIN($L$2:$L$126))/(MAX($L$2:$L$126)-MIN($L$2:$L$126)) -> 0.0087479497 | AV23: =(AI23*(Tablero!$B$5/100)+AJ23*(Tablero!$B$6/100))*(Tablero!$B$4/100) -> 0.062844849 | AW23: =(AK23*(Tablero!$B$8/100))*(Tablero!$B$7/100) -> 0.083536288 | AX23: =(AL23*(Tablero!$B$10/100)+AM23*(Tablero!$B$11/100)+AN23*(Tablero!$B$12/100)+AO23*(Tablero!$B$13/100)+AP23*(Tablero!$B$14/100))*(Tablero!$B$9/100) -> 0.12241524 | AY23: =(AQ23*(Tablero!$B$16/100)+AR23*(Tablero!$B$17/100)+AS23*(Tablero!$B$18/100))*(Tablero!$B$15/100) -> 0.19813445 | AZ23: =(AT23*(Tablero!$B$20/100)+AU23*(Tablero!$B$21/100))*(Tablero!$B$19/100) -> 0.005521729
B24: 14038 | C24: Guachinango | D24: 4235 | E24: 50 | F24: 24 | G24: 32.7 | H24: 94.1 | I24: 52 | J24: 6 | K24: 0.12 | L24: 37 | M24: 0 | N24: 82.12492 | O24: 4.32 | P24: 19 | Q24: 77.34 | R24: 44 | S24: 42 | T24: 70 | U24: 76 | V24: 230 | W24: 3 | X24: 3 | Y24: 0 | Z24: 0 | AA24: 70.8 | AB24: 23 | AC24: 36278.85 | AD24: 0.04 | AE24: 52.17 | AF24: 6.44 | AG24: =AV24+AW24+AX24+AY24+AZ24 -> 0.46388729 | AH24: ✓ datos directos | AI24: =(G24-MIN($G$2:$G$126))/(MAX($G$2:$G$126)-MIN($G$2:$G$126)) -> 0.61502347 | AJ24: =(N24-MIN($N$2:$N$126))/(MAX($N$2:$N$126)-MIN($N$2:$N$126)) -> 0.0017321184 | AK24: =(O24-MIN($O$2:$O$126))/(MAX($O$2:$O$126)-MIN($O$2:$O$126)) -> 0.21042377 | AL24: =(S24-MIN($S$2:$S$126))/(MAX($S$2:$S$126)-MIN($S$2:$S$126)) -> 0.7325419 | AM24: =(T24-MIN($T$2:$T$126))/(MAX($T$2:$T$126)-MIN($T$2:$T$126)) -> 0.7312401 | AN24: =1-(AC24-MIN($AC$2:$AC$126))/(MAX($AC$2:$AC$126)-MIN($AC$2:$AC$126)) -> 0.78750103 | AO24: =(AD24-MIN($AD$2:$AD$126))/(MAX($AD$2:$AD$126)-MIN($AD$2:$AD$126)) -> 0.023952096 | AP24: =1-(AE24-MIN($AE$2:$AE$126))/(MAX($AE$2:$AE$126)-MIN($AE$2:$AE$126)) -> 0.4783 | AQ24: =(V24-MIN($V$2:$V$126))/(MAX($V$2:$V$126)-MIN($V$2:$V$126)) -> 0.63888889 | AR24: =1-(Y24-MIN($Y$2:$Y$126))/(MAX($Y$2:$Y$126)-MIN($Y$2:$Y$126)) -> 1 | AS24: =1-(AA24-MIN($AA$2:$AA$126))/(MAX($AA$2:$AA$126)-MIN($AA$2:$AA$126)) -> 0.46153846 | AT24: =(K24-MIN($K$2:$K$126))/(MAX($K$2:$K$126)-MIN($K$2:$K$126)) -> 0.21212121 | AU24: =(L24-MIN($L$2:$L$126))/(MAX($L$2:$L$126)-MIN($L$2:$L$126)) -> 0.0042372881 | AV24: =(AI24*(Tablero!$B$5/100)+AJ24*(Tablero!$B$6/100))*(Tablero!$B$4/100) -> 0.092426733 | AW24: =(AK24*(Tablero!$B$8/100))*(Tablero!$B$7/100) -> 0.052605943 | AX24: =(AL24*(Tablero!$B$10/100)+AM24*(Tablero!$B$11/100)+AN24*(Tablero!$B$12/100)+AO24*(Tablero!$B$13/100)+AP24*(Tablero!$B$14/100))*(Tablero!$B$9/100) -> 0.11301831 | AY24: =(AQ24*(Tablero!$B$16/100)+AR24*(Tablero!$B$17/100)+AS24*(Tablero!$B$18/100))*(Tablero!$B$15/100) -> 0.20042735 | AZ24: =(AT24*(Tablero!$B$20/100)+AU24*(Tablero!$B$21/100))*(Tablero!$B$19/100) -> 0.0054089625
B25: 14107 | C25: Tuxcueca | D25: 7253 | E25: 76 | F25: 21 | G25: 30 | H25: 49.8 | I25: 72.4 | J25: 16 | K25: 0.21 | L25: 28 | M25: 0 | N25: 53.584382 | O25: 6.7 | P25: 8 | Q25: 72.447368 | R25: 43.42 | S25: 18.42 | T25: 59.21 | U25: 57.89 | V25: 135 | W25: 2 | X25: 2 | Y25: 0 | Z25: 0 | AA25: 27.6 | AB25: 24 | AC25: 35070.01 | AD25: 0.62 | AE25: 0 | AF25: 1.53 | AG25: =AV25+AW25+AX25+AY25+AZ25 -> 0.50145606 | AH25: ✓ datos directos | AI25: =(G25-MIN($G$2:$G$126))/(MAX($G$2:$G$126)-MIN($G$2:$G$126)) -> 0.55164319 | AJ25: =(N25-MIN($N$2:$N$126))/(MAX($N$2:$N$126)-MIN($N$2:$N$126)) -> 0.0011301623 | AK25: =(O25-MIN($O$2:$O$126))/(MAX($O$2:$O$126)-MIN($O$2:$O$126)) -> 0.32635168 | AL25: =(S25-MIN($S$2:$S$126))/(MAX($S$2:$S$126)-MIN($S$2:$S$126)) -> 0.18365922 | AM25: =(T25-MIN($T$2:$T$126))/(MAX($T$2:$T$126)-MIN($T$2:$T$126)) -> 0.57583177 | AN25: =1-(AC25-MIN($AC$2:$AC$126))/(MAX($AC$2:$AC$126)-MIN($AC$2:$AC$126)) -> 0.7998111 | AO25: =(AD25-MIN($AD$2:$AD$126))/(MAX($AD$2:$AD$126)-MIN($AD$2:$AD$126)) -> 0.37125749 | AP25: =1-(AE25-MIN($AE$2:$AE$126))/(MAX($AE$2:$AE$126)-MIN($AE$2:$AE$126)) -> 1 | AQ25: =(V25-MIN($V$2:$V$126))/(MAX($V$2:$V$126)-MIN($V$2:$V$126)) -> 0.375 | AR25: =1-(Y25-MIN($Y$2:$Y$126))/(MAX($Y$2:$Y$126)-MIN($Y$2:$Y$126)) -> 1 | AS25: =1-(AA25-MIN($AA$2:$AA$126))/(MAX($AA$2:$AA$126)-MIN($AA$2:$AA$126)) -> 0.82671175 | AT25: =(K25-MIN($K$2:$K$126))/(MAX($K$2:$K$126)-MIN($K$2:$K$126)) -> 0.48484848 | AU25: =(L25-MIN($L$2:$L$126))/(MAX($L$2:$L$126)-MIN($L$2:$L$126)) -> 0.0030071077 | AV25: =(AI25*(Tablero!$B$5/100)+AJ25*(Tablero!$B$6/100))*(Tablero!$B$4/100) -> 0.082859495 | AW25: =(AK25*(Tablero!$B$8/100))*(Tablero!$B$7/100) -> 0.08158792 | AX25: =(AL25*(Tablero!$B$10/100)+AM25*(Tablero!$B$11/100)+AN25*(Tablero!$B$12/100)+AO25*(Tablero!$B$13/100)+AP25*(Tablero!$B$14/100))*(Tablero!$B$9/100) -> 0.14164446 | AY25: =(AQ25*(Tablero!$B$16/100)+AR25*(Tablero!$B$17/100)+AS25*(Tablero!$B$18/100))*(Tablero!$B$15/100) -> 0.18316779 | AZ25: =(AT25*(Tablero!$B$20/100)+AU25*(Tablero!$B$21/100))*(Tablero!$B$19/100) -> 0.01219639
B26: 14081 | C26: Santa María de los Ángeles | D26: 4010 | E26: 33 | F26: 10 | G26: 24.2 | H26: 44 | I26: 69.7 | J26: 4 | K26: 0.12 | L26: 14 | M26: 0 | N26: 28.289044 | O26: 4.71 | P26: 6 | Q26: 74.69697 | R26: 42.42 | S26: 48.48 | T26: 78.79 | U26: 57.58 | V26: 250 | W26: 3 | X26: 3 | Y26: 0 | Z26: 0 | AA26: 74.8 | AB26: 24 | AC26: 29939.9 | AD26: 0.12 | AE26: 45.83 | AF26: 2.29 | AG26: =AV26+AW26+AX26+AY26+AZ26 -> 0.46115899 | AH26: ✓ datos directos | AI26: =(G26-MIN($G$2:$G$126))/(MAX($G$2:$G$126)-MIN($G$2:$G$126)) -> 0.41549296 | AJ26: =(N26-MIN($N$2:$N$126))/(MAX($N$2:$N$126)-MIN($N$2:$N$126)) -> 0.0005966517 | AK26: =(O26-MIN($O$2:$O$126))/(MAX($O$2:$O$126)-MIN($O$2:$O$126)) -> 0.22942036 | AL26: =(S26-MIN($S$2:$S$126))/(MAX($S$2:$S$126)-MIN($S$2:$S$126)) -> 0.88337989 | AM26: =(T26-MIN($T$2:$T$126))/(MAX($T$2:$T$126)-MIN($T$2:$T$126)) -> 0.85784243 | AN26: =1-(AC26-MIN($AC$2:$AC$126))/(MAX($AC$2:$AC$126)-MIN($AC$2:$AC$126)) -> 0.85205292 | AO26: =(AD26-MIN($AD$2:$AD$126))/(MAX($AD$2:$AD$126)-MIN($AD$2:$AD$126)) -> 0.071856287 | AP26: =1-(AE26-MIN($AE$2:$AE$126))/(MAX($AE$2:$AE$126)-MIN($AE$2:$AE$126)) -> 0.5417 | AQ26: =(V26-MIN($V$2:$V$126))/(MAX($V$2:$V$126)-MIN($V$2:$V$126)) -> 0.69444444 | AR26: =1-(Y26-MIN($Y$2:$Y$126))/(MAX($Y$2:$Y$126)-MIN($Y$2:$Y$126)) -> 1 | AS26: =1-(AA26-MIN($AA$2:$AA$126))/(MAX($AA$2:$AA$126)-MIN($AA$2:$AA$126)) -> 0.42772612 | AT26: =(K26-MIN($K$2:$K$126))/(MAX($K$2:$K$126)-MIN($K$2:$K$126)) -> 0.21212121 | AU26: =(L26-MIN($L$2:$L$126))/(MAX($L$2:$L$126)-MIN($L$2:$L$126)) -> 0.0010934937 | AV26: =(AI26*(Tablero!$B$5/100)+AJ26*(Tablero!$B$6/100))*(Tablero!$B$4/100) -> 0.062383609 | AW26: =(AK26*(Tablero!$B$8/100))*(Tablero!$B$7/100) -> 0.05735509 | AX26: =(AL26*(Tablero!$B$10/100)+AM26*(Tablero!$B$11/100)+AN26*(Tablero!$B$12/100)+AO26*(Tablero!$B$13/100)+AP26*(Tablero!$B$14/100))*(Tablero!$B$9/100) -> 0.13095233 | AY26: =(AQ26*(Tablero!$B$16/100)+AR26*(Tablero!$B$17/100)+AS26*(Tablero!$B$18/100))*(Tablero!$B$15/100) -> 0.2051376 | AZ26: =(AT26*(Tablero!$B$20/100)+AU26*(Tablero!$B$21/100))*(Tablero!$B$19/100) -> 0.0053303676
B27: 14004 | C27: Amacueca | D27: 6107 | E27: 63 | F27: 15 | G27: 29.3 | H27: 41.9 | I27: 76.2 | J27: 12 | K27: 0.19 | L27: 29 | M27: 1 | N27: 44.09234 | O27: 4.9 | P27: 9 | Q27: 71.238095 | R27: 47.62 | S27: 47.62 | T27: 66.67 | U27: 52.38 | V27: 105 | W27: 2 | X27: 2 | Y27: 0 | Z27: 0 | AA27: 32.7 | AC27: 52157.1 | AD27: 0.12 | AE27: 45.83 | AF27: 3.02 | AG27: =AV27+AW27+AX27+AY27+AZ27 -> 0.44003799 | AH27: ~ estimación estatal | AI27: =(G27-MIN($G$2:$G$126))/(MAX($G$2:$G$126)-MIN($G$2:$G$126)) -> 0.53521127 | AJ27: =(N27-MIN($N$2:$N$126))/(MAX($N$2:$N$126)-MIN($N$2:$N$126)) -> 0.00092996318 | AK27: =(O27-MIN($O$2:$O$126))/(MAX($O$2:$O$126)-MIN($O$2:$O$126)) -> 0.23867511 | AL27: =(S27-MIN($S$2:$S$126))/(MAX($S$2:$S$126)-MIN($S$2:$S$126)) -> 0.86336127 | AM27: =(T27-MIN($T$2:$T$126))/(MAX($T$2:$T$126)-MIN($T$2:$T$126)) -> 0.68327812 | AN27: =1-(AC27-MIN($AC$2:$AC$126))/(MAX($AC$2:$AC$126)-MIN($AC$2:$AC$126)) -> 0.6258069 | AO27: =(AD27-MIN($AD$2:$AD$126))/(MAX($AD$2:$AD$126)-MIN($AD$2:$AD$126)) -> 0.071856287 | AP27: =1-(AE27-MIN($AE$2:$AE$126))/(MAX($AE$2:$AE$126)-MIN($AE$2:$AE$126)) -> 0.5417 | AQ27: =(V27-MIN($V$2:$V$126))/(MAX($V$2:$V$126)-MIN($V$2:$V$126)) -> 0.29166667 | AR27: =1-(Y27-MIN($Y$2:$Y$126))/(MAX($Y$2:$Y$126)-MIN($Y$2:$Y$126)) -> 1 | AS27: =1-(AA27-MIN($AA$2:$AA$126))/(MAX($AA$2:$AA$126)-MIN($AA$2:$AA$126)) -> 0.78360101 | AT27: =(K27-MIN($K$2:$K$126))/(MAX($K$2:$K$126)-MIN($K$2:$K$126)) -> 0.42424242 | AU27: =(L27-MIN($L$2:$L$126))/(MAX($L$2:$L$126)-MIN($L$2:$L$126)) -> 0.0031437944 | AV27: =(AI27*(Tablero!$B$5/100)+AJ27*(Tablero!$B$6/100))*(Tablero!$B$4/100) -> 0.080374686 | AW27: =(AK27*(Tablero!$B$8/100))*(Tablero!$B$7/100) -> 0.059668777 | AX27: =(AL27*(Tablero!$B$10/100)+AM27*(Tablero!$B$11/100)+AN27*(Tablero!$B$12/100)+AO27*(Tablero!$B$13/100)+AP27*(Tablero!$B$14/100))*(Tablero!$B$9/100) -> 0.11555318 | AY27: =(AQ27*(Tablero!$B$16/100)+AR27*(Tablero!$B$17/100)+AS27*(Tablero!$B$18/100))*(Tablero!$B$15/100) -> 0.17375669 | AZ27: =(AT27*(Tablero!$B$20/100)+AU27*(Tablero!$B$21/100))*(Tablero!$B$19/100) -> 0.010684655
B28: 14090 | C28: Tenamaxtlán | D28: 7605 | E28: 92 | F28: 28 | G28: 34 | H28: 62.1 | I28: 69.6 | J28: 19 | K28: 0.21 | L28: 50 | M28: 1 | N28: 79.891785 | O28: 4.44 | P28: 18 | Q28: 74.597826 | R28: 48.91 | S28: 40.22 | T28: 65.22 | U28: 72.83 | V28: 115 | W28: 4 | X28: 4 | Y28: 0 | Z28: 0 | AA28: 52.6 | AB28: 44 | AC28: 48397.3 | AD28: 0 | AE28: 34.09 | AF28: 6.2 | AG28: =AV28+AW28+AX28+AY28+AZ28 -> 0.45524301 | AH28: ✓ datos directos | AI28: =(G28-MIN($G$2:$G$126))/(MAX($G$2:$G$126)-MIN($G$2:$G$126)) -> 0.64553991 | AJ28: =(N28-MIN($N$2:$N$126))/(MAX($N$2:$N$126)-MIN($N$2:$N$126)) -> 0.0016850187 | AK28: =(O28-MIN($O$2:$O$126))/(MAX($O$2:$O$126)-MIN($O$2:$O$126)) -> 0.21626887 | AL28: =(S28-MIN($S$2:$S$126))/(MAX($S$2:$S$126)-MIN($S$2:$S$126)) -> 0.69110801 | AM28: =(T28-MIN($T$2:$T$126))/(MAX($T$2:$T$126)-MIN($T$2:$T$126)) -> 0.66239378 | AN28: =1-(AC28-MIN($AC$2:$AC$126))/(MAX($AC$2:$AC$126)-MIN($AC$2:$AC$126)) -> 0.66409435 | AO28: =(AD28-MIN($AD$2:$AD$126))/(MAX($AD$2:$AD$126)-MIN($AD$2:$AD$126)) -> 0 | AP28: =1-(AE28-MIN($AE$2:$AE$126))/(MAX($AE$2:$AE$126)-MIN($AE$2:$AE$126)) -> 0.6591 | AQ28: =(V28-MIN($V$2:$V$126))/(MAX($V$2:$V$126)-MIN($V$2:$V$126)) -> 0.31944444 | AR28: =1-(Y28-MIN($Y$2:$Y$126))/(MAX($Y$2:$Y$126)-MIN($Y$2:$Y$126)) -> 1 | AS28: =1-(AA28-MIN($AA$2:$AA$126))/(MAX($AA$2:$AA$126)-MIN($AA$2:$AA$126)) -> 0.61538462 | AT28: =(K28-MIN($K$2:$K$126))/(MAX($K$2:$K$126)-MIN($K$2:$K$126)) -> 0.48484848 | AU28: =(L28-MIN($L$2:$L$126))/(MAX($L$2:$L$126)-MIN($L$2:$L$126)) -> 0.0060142154 | AV28: =(AI28*(Tablero!$B$5/100)+AJ28*(Tablero!$B$6/100))*(Tablero!$B$4/100) -> 0.096999488 | AW28: =(AK28*(Tablero!$B$8/100))*(Tablero!$B$7/100) -> 0.054067219 | AX28: =(AL28*(Tablero!$B$10/100)+AM28*(Tablero!$B$11/100)+AN28*(Tablero!$B$12/100)+AO28*(Tablero!$B$13/100)+AP28*(Tablero!$B$14/100))*(Tablero!$B$9/100) -> 0.11957567 | AY28: =(AQ28*(Tablero!$B$16/100)+AR28*(Tablero!$B$17/100)+AS28*(Tablero!$B$18/100))*(Tablero!$B$15/100) -> 0.17232906 | AZ28: =(AT28*(Tablero!$B$20/100)+AU28*(Tablero!$B$21/100))*(Tablero!$B$19/100) -> 0.012271568
B29: 14027 | C29: Cuautitlán de García Barragán | D29: 18862 | E29: 148 | F29: 59 | G29: 21.9 | H29: 52.4 | I29: 60.1 | J29: 30 | K29: 0.2 | L29: 65 | M29: 1 | N29: 213.50184 | O29: 5.77 | P29: 37 | Q29: 70.783784 | R29: 37.16 | S29: 40.54 | T29: 53.38 | U29: 49.32 | V29: 280 | W29: 8 | X29: 8 | Y29: 0 | Z29: 0 | AA29: 42.4 | AB29: 83 | AC29: 42344.37 | AD29: 0.6 | AE29: 34.94 | AF29: 3.27 | AG29: =AV29+AW29+AX29+AY29+AZ29 -> 0.47405304 | AH29: ✓ datos directos | AI29: =(G29-MIN($G$2:$G$126))/(MAX($G$2:$G$126)-MIN($G$2:$G$126)) -> 0.36150235 | AJ29: =(N29-MIN($N$2:$N$126))/(MAX($N$2:$N$126)-MIN($N$2:$N$126)) -> 0.0045030237 | AK29: =(O29-MIN($O$2:$O$126))/(MAX($O$2:$O$126)-MIN($O$2:$O$126)) -> 0.28105212 | AL29: =(S29-MIN($S$2:$S$126))/(MAX($S$2:$S$126)-MIN($S$2:$S$126)) -> 0.6985568 | AM29: =(T29-MIN($T$2:$T$126))/(MAX($T$2:$T$126)-MIN($T$2:$T$126)) -> 0.49186231 | AN29: =1-(AC29-MIN($AC$2:$AC$126))/(MAX($AC$2:$AC$126)-MIN($AC$2:$AC$126)) -> 0.72573358 | AO29: =(AD29-MIN($AD$2:$AD$126))/(MAX($AD$2:$AD$126)-MIN($AD$2:$AD$126)) -> 0.35928144 | AP29: =1-(AE29-MIN($AE$2:$AE$126))/(MAX($AE$2:$AE$126)-MIN($AE$2:$AE$126)) -> 0.6506 | AQ29: =(V29-MIN($V$2:$V$126))/(MAX($V$2:$V$126)-MIN($V$2:$V$126)) -> 0.77777778 | AR29: =1-(Y29-MIN($Y$2:$Y$126))/(MAX($Y$2:$Y$126)-MIN($Y$2:$Y$126)) -> 1 | AS29: =1-(AA29-MIN($AA$2:$AA$126))/(MAX($AA$2:$AA$126)-MIN($AA$2:$AA$126)) -> 0.70160609 | AT29: =(K29-MIN($K$2:$K$126))/(MAX($K$2:$K$126)-MIN($K$2:$K$126)) -> 0.45454545 | AU29: =(L29-MIN($L$2:$L$126))/(MAX($L$2:$L$126)-MIN($L$2:$L$126)) -> 0.0080645161 | AV29: =(AI29*(Tablero!$B$5/100)+AJ29*(Tablero!$B$6/100))*(Tablero!$B$4/100) -> 0.054675654 | AW29: =(AK29*(Tablero!$B$8/100))*(Tablero!$B$7/100) -> 0.07026303 | AX29: =(AL29*(Tablero!$B$10/100)+AM29*(Tablero!$B$11/100)+AN29*(Tablero!$B$12/100)+AO29*(Tablero!$B$13/100)+AP29*(Tablero!$B$14/100))*(Tablero!$B$9/100) -> 0.11723117 | AY29: =(AQ29*(Tablero!$B$16/100)+AR29*(Tablero!$B$17/100)+AS29*(Tablero!$B$18/100))*(Tablero!$B$15/100) -> 0.22031793 | AZ29: =(AT29*(Tablero!$B$20/100)+AU29*(Tablero!$B$21/100))*(Tablero!$B$19/100) -> 0.011565249
B30: 14039 | C30: Guadalajara | D30: 1386883 | E30: 15273 | F30: 4965 | G30: 30.2 | H30: 59 | I30: 67.5 | J30: 2824 | K30: 0.18 | L30: 7322 | M30: 99 | N30: 47412.995 | O30: 8.27 | P30: 5736 | Q30: 71.826033 | R30: 48.92 | S30: 21.72 | T30: 25.9 | U30: 43.09 | V30: 0 | W30: 386 | X30: 280 | Y30: 96 | Z30: 10 | AA30: 27.8 | AB30: 1741 | AC30: 70964.22 | AD30: 0.02 | AE30: 72.14 | AF30: 1.88 | AG30: =AV30+AW30+AX30+AY30+AZ30 -> 0.38181784 | AH30: ✓ datos directos | AI30: =(G30-MIN($G$2:$G$126))/(MAX($G$2:$G$126)-MIN($G$2:$G$126)) -> 0.55633803 | AJ30: =(N30-MIN($N$2:$N$126))/(MAX($N$2:$N$126)-MIN($N$2:$N$126)) -> 1 | AK30: =(O30-MIN($O$2:$O$126))/(MAX($O$2:$O$126)-MIN($O$2:$O$126)) -> 0.40282513 | AL30: =(S30-MIN($S$2:$S$126))/(MAX($S$2:$S$126)-MIN($S$2:$S$126)) -> 0.26047486 | AM30: =(T30-MIN($T$2:$T$126))/(MAX($T$2:$T$126)-MIN($T$2:$T$126)) -> 0.096067982 | AN30: =1-(AC30-MIN($AC$2:$AC$126))/(MAX($AC$2:$AC$126)-MIN($AC$2:$AC$126)) -> 0.43428701 | AO30: =(AD30-MIN($AD$2:$AD$126))/(MAX($AD$2:$AD$126)-MIN($AD$2:$AD$126)) -> 0.011976048 | AP30: =1-(AE30-MIN($AE$2:$AE$126))/(MAX($AE$2:$AE$126)-MIN($AE$2:$AE$126)) -> 0.2786 | AQ30: =(V30-MIN($V$2:$V$126))/(MAX($V$2:$V$126)-MIN($V$2:$V$126)) -> 0 | AR30: =1-(Y30-MIN($Y$2:$Y$126))/(MAX($Y$2:$Y$126)-MIN($Y$2:$Y$126)) -> 0 | AS30: =1-(AA30-MIN($AA$2:$AA$126))/(MAX($AA$2:$AA$126)-MIN($AA$2:$AA$126)) -> 0.82502113 | AT30: =(K30-MIN($K$2:$K$126))/(MAX($K$2:$K$126)-MIN($K$2:$K$126)) -> 0.39393939 | AU30: =(L30-MIN($L$2:$L$126))/(MAX($L$2:$L$126)-MIN($L$2:$L$126)) -> 1 | AV30: =(AI30*(Tablero!$B$5/100)+AJ30*(Tablero!$B$6/100))*(Tablero!$B$4/100) -> 0.1834507 | AW30: =(AK30*(Tablero!$B$8/100))*(Tablero!$B$7/100) -> 0.10070628 | AX30: =(AL30*(Tablero!$B$10/100)+AM30*(Tablero!$B$11/100)+AN30*(Tablero!$B$12/100)+AO30*(Tablero!$B$13/100)+AP30*(Tablero!$B$14/100))*(Tablero!$B$9/100) -> 0.042186837 | AY30: =(AQ30*(Tablero!$B$16/100)+AR30*(Tablero!$B$17/100)+AS30*(Tablero!$B$18/100))*(Tablero!$B$15/100) -> 0.020625528 | AZ30: =(AT30*(Tablero!$B$20/100)+AU30*(Tablero!$B$21/100))*(Tablero!$B$19/100) -> 0.034848485
B31: 14020 | C31: Cabo Corrientes | D31: 11584 | E31: 90 | F31: 24 | G31: 22 | H31: 35.2 | I31: 73.3 | J31: 12 | K31: 0.13 | L31: 52 | M31: 0 | N31: 85.380668 | O31: 5.69 | P31: 15 | Q31: 73.211111 | R31: 47.78 | S31: 42.22 | T31: 44.44 | U31: 47.78 | V31: 345 | W31: 6 | X31: 6 | Y31: 0 | Z31: 0 | AA31: 51.8 | AC31: 52157.1 | AD31: 0.12 | AE31: 45.83 | AF31: 3.02 | AG31: =AV31+AW31+AX31+AY31+AZ31 -> 0.46047969 | AH31: ~ estimación estatal | AI31: =(G31-MIN($G$2:$G$126))/(MAX($G$2:$G$126)-MIN($G$2:$G$126)) -> 0.36384977 | AJ31: =(N31-MIN($N$2:$N$126))/(MAX($N$2:$N$126)-MIN($N$2:$N$126)) -> 0.0018007862 | AK31: =(O31-MIN($O$2:$O$126))/(MAX($O$2:$O$126)-MIN($O$2:$O$126)) -> 0.27715538 | AL31: =(S31-MIN($S$2:$S$126))/(MAX($S$2:$S$126)-MIN($S$2:$S$126)) -> 0.73766294 | AM31: =(T31-MIN($T$2:$T$126))/(MAX($T$2:$T$126)-MIN($T$2:$T$126)) -> 0.36309952 | AN31: =1-(AC31-MIN($AC$2:$AC$126))/(MAX($AC$2:$AC$126)-MIN($AC$2:$AC$126)) -> 0.6258069 | AO31: =(AD31-MIN($AD$2:$AD$126))/(MAX($AD$2:$AD$126)-MIN($AD$2:$AD$126)) -> 0.071856287 | AP31: =1-(AE31-MIN($AE$2:$AE$126))/(MAX($AE$2:$AE$126)-MIN($AE$2:$AE$126)) -> 0.5417 | AQ31: =(V31-MIN($V$2:$V$126))/(MAX($V$2:$V$126)-MIN($V$2:$V$126)) -> 0.95833333 | AR31: =1-(Y31-MIN($Y$2:$Y$126))/(MAX($Y$2:$Y$126)-MIN($Y$2:$Y$126)) -> 1 | AS31: =1-(AA31-MIN($AA$2:$AA$126))/(MAX($AA$2:$AA$126)-MIN($AA$2:$AA$126)) -> 0.62214708 | AT31: =(K31-MIN($K$2:$K$126))/(MAX($K$2:$K$126)-MIN($K$2:$K$126)) -> 0.24242424 | AU31: =(L31-MIN($L$2:$L$126))/(MAX($L$2:$L$126)-MIN($L$2:$L$126)) -> 0.0062875888 | AV31: =(AI31*(Tablero!$B$5/100)+AJ31*(Tablero!$B$6/100))*(Tablero!$B$4/100) -> 0.054757543 | AW31: =(AK31*(Tablero!$B$8/100))*(Tablero!$B$7/100) -> 0.069288846 | AX31: =(AL31*(Tablero!$B$10/100)+AM31*(Tablero!$B$11/100)+AN31*(Tablero!$B$12/100)+AO31*(Tablero!$B$13/100)+AP31*(Tablero!$B$14/100))*(Tablero!$B$9/100) -> 0.093828494 | AY31: =(AQ31*(Tablero!$B$16/100)+AR31*(Tablero!$B$17/100)+AS31*(Tablero!$B$18/100))*(Tablero!$B$15/100) -> 0.23638701 | AZ31: =(AT31*(Tablero!$B$20/100)+AU31*(Tablero!$B$21/100))*(Tablero!$B$19/100) -> 0.0062177958
B32: 14022 | C32: Cihuatlán | D32: 40661 | E32: 413 | F32: 154 | G32: 28.1 | H32: 62.9 | I32: 62.7 | J32: 96 | K32: 0.23 | L32: 203 | M32: 4 | N32: 673.01273 | O32: 7.01 | P32: 96 | Q32: 70.159806 | R32: 48.91 | S32: 36.56 | T32: 44.55 | U32: 45.76 | V32: 360 | W32: 11 | X32: 10 | Y32: 1 | Z32: 0 | AA32: 27.1 | AB32: 125 | AC32: 55091.31 | AD32: 0.3 | AE32: 42.4 | AF32: 1.92 | AG32: =AV32+AW32+AX32+AY32+AZ32 -> 0.51721024 | AH32: ✓ datos directos | AI32: =(G32-MIN($G$2:$G$126))/(MAX($G$2:$G$126)-MIN($G$2:$G$126)) -> 0.50704225 | AJ32: =(N32-MIN($N$2:$N$126))/(MAX($N$2:$N$126)-MIN($N$2:$N$126)) -> 0.014194689 | AK32: =(O32-MIN($O$2:$O$126))/(MAX($O$2:$O$126)-MIN($O$2:$O$126)) -> 0.34145153 | AL32: =(S32-MIN($S$2:$S$126))/(MAX($S$2:$S$126)-MIN($S$2:$S$126)) -> 0.60591248 | AM32: =(T32-MIN($T$2:$T$126))/(MAX($T$2:$T$126)-MIN($T$2:$T$126)) -> 0.36468385 | AN32: =1-(AC32-MIN($AC$2:$AC$126))/(MAX($AC$2:$AC$126)-MIN($AC$2:$AC$126)) -> 0.59592675 | AO32: =(AD32-MIN($AD$2:$AD$126))/(MAX($AD$2:$AD$126)-MIN($AD$2:$AD$126)) -> 0.17964072 | AP32: =1-(AE32-MIN($AE$2:$AE$126))/(MAX($AE$2:$AE$126)-MIN($AE$2:$AE$126)) -> 0.576 | AQ32: =(V32-MIN($V$2:$V$126))/(MAX($V$2:$V$126)-MIN($V$2:$V$126)) -> 1 | AR32: =1-(Y32-MIN($Y$2:$Y$126))/(MAX($Y$2:$Y$126)-MIN($Y$2:$Y$126)) -> 0.98958333 | AS32: =1-(AA32-MIN($AA$2:$AA$126))/(MAX($AA$2:$AA$126)-MIN($AA$2:$AA$126)) -> 0.83093829 | AT32: =(K32-MIN($K$2:$K$126))/(MAX($K$2:$K$126)-MIN($K$2:$K$126)) -> 0.54545455 | AU32: =(L32-MIN($L$2:$L$126))/(MAX($L$2:$L$126)-MIN($L$2:$L$126)) -> 0.026927283 | AV32: =(AI32*(Tablero!$B$5/100)+AJ32*(Tablero!$B$6/100))*(Tablero!$B$4/100) -> 0.077475807 | AW32: =(AK32*(Tablero!$B$8/100))*(Tablero!$B$7/100) -> 0.085362884 | AX32: =(AL32*(Tablero!$B$10/100)+AM32*(Tablero!$B$11/100)+AN32*(Tablero!$B$12/100)+AO32*(Tablero!$B$13/100)+AP32*(Tablero!$B$14/100))*(Tablero!$B$9/100) -> 0.09559063 | AY32: =(AQ32*(Tablero!$B$16/100)+AR32*(Tablero!$B$17/100)+AS32*(Tablero!$B$18/100))*(Tablero!$B$15/100) -> 0.24447137 | AZ32: =(AT32*(Tablero!$B$20/100)+AU32*(Tablero!$B$21/100))*(Tablero!$B$19/100) -> 0.014309546
B33: 14122 | C33: Zapotitlán de Vadillo | D33: 7847 | E33: 66 | F33: 29 | G33: 23.8 | H33: 62.7 | I33: 56.1 | J33: 24 | K33: 0.36 | L33: 35 | M33: 0 | N33: 137.32751 | O33: 5.97 | P33: 23 | Q33: 71.030303 | R33: 43.94 | S33: 43.94 | T33: 43.94 | U33: 62.12 | V33: 200 | W33: 2 | X33: 2 | Y33: 0 | Z33: 0 | AA33: 25.5 | AC33: 52157.1 | AD33: 0.12 | AE33: 45.83 | AF33: 3.02 | AG33: =AV33+AW33+AX33+AY33+AZ33 -> 0.45335186 | AH33: ~ estimación estatal | AI33: =(G33-MIN($G$2:$G$126))/(MAX($G$2:$G$126)-MIN($G$2:$G$126)) -> 0.40610329 | AJ33: =(N33-MIN($N$2:$N$126))/(MAX($N$2:$N$126)-MIN($N$2:$N$126)) -> 0.0028964108 | AK33: =(O33-MIN($O$2:$O$126))/(MAX($O$2:$O$126)-MIN($O$2:$O$126)) -> 0.29079396 | AL33: =(S33-MIN($S$2:$S$126))/(MAX($S$2:$S$126)-MIN($S$2:$S$126)) -> 0.77770019 | AM33: =(T33-MIN($T$2:$T$126))/(MAX($T$2:$T$126)-MIN($T$2:$T$126)) -> 0.35589803 | AN33: =1-(AC33-MIN($AC$2:$AC$126))/(MAX($AC$2:$AC$126)-MIN($AC$2:$AC$126)) -> 0.6258069 | AO33: =(AD33-MIN($AD$2:$AD$126))/(MAX($AD$2:$AD$126)-MIN($AD$2:$AD$126)) -> 0.071856287 | AP33: =1-(AE33-MIN($AE$2:$AE$126))/(MAX($AE$2:$AE$126)-MIN($AE$2:$AE$126)) -> 0.5417 | AQ33: =(V33-MIN($V$2:$V$126))/(MAX($V$2:$V$126)-MIN($V$2:$V$126)) -> 0.55555556 | AR33: =1-(Y33-MIN($Y$2:$Y$126))/(MAX($Y$2:$Y$126)-MIN($Y$2:$Y$126)) -> 1 | AS33: =1-(AA33-MIN($AA$2:$AA$126))/(MAX($AA$2:$AA$126)-MIN($AA$2:$AA$126)) -> 0.84446323 | AT33: =(K33-MIN($K$2:$K$126))/(MAX($K$2:$K$126)-MIN($K$2:$K$126)) -> 0.93939394 | AU33: =(L33-MIN($L$2:$L$126))/(MAX($L$2:$L$126)-MIN($L$2:$L$126)) -> 0.0039639147 | AV33: =(AI33*(Tablero!$B$5/100)+AJ33*(Tablero!$B$6/100))*(Tablero!$B$4/100) -> 0.061205134 | AW33: =(AK33*(Tablero!$B$8/100))*(Tablero!$B$7/100) -> 0.07269849 | AX33: =(AL33*(Tablero!$B$10/100)+AM33*(Tablero!$B$11/100)+AN33*(Tablero!$B$12/100)+AO33*(Tablero!$B$13/100)+AP33*(Tablero!$B$14/100))*(Tablero!$B$9/100) -> 0.094197149 | AY33: =(AQ33*(Tablero!$B$16/100)+AR33*(Tablero!$B$17/100)+AS33*(Tablero!$B$18/100))*(Tablero!$B$15/100) -> 0.20166714 | AZ33: =(AT33*(Tablero!$B$20/100)+AU33*(Tablero!$B$21/100))*(Tablero!$B$19/100) -> 0.023583946
B34: 14012 | C34: Atenguillo | D34: 4457 | E34: 53 | F34: 21 | G34: 33.9 | H34: 80.5 | I34: 60.4 | J34: 6 | K34: 0.11 | L34: 39 | M34: 1 | N34: 116.97524 | O34: 6.16 | P34: 19 | Q34: 72.433962 | R34: 50.94 | S34: 24.53 | T34: 69.81 | U34: 71.7 | V34: 105 | W34: 2 | X34: 2 | Y34: 0 | Z34: 0 | AA34: 44.9 | AB34: 22 | AC34: 56049.68 | AD34: 0.5 | AE34: 27.27 | AF34: 8.72 | AG34: =AV34+AW34+AX34+AY34+AZ34 -> 0.47369776 | AH34: ✓ datos directos | AI34: =(G34-MIN($G$2:$G$126))/(MAX($G$2:$G$126)-MIN($G$2:$G$126)) -> 0.64319249 | AJ34: =(N34-MIN($N$2:$N$126))/(MAX($N$2:$N$126)-MIN($N$2:$N$126)) -> 0.0024671558 | AK34: =(O34-MIN($O$2:$O$126))/(MAX($O$2:$O$126)-MIN($O$2:$O$126)) -> 0.30004871 | AL34: =(S34-MIN($S$2:$S$126))/(MAX($S$2:$S$126)-MIN($S$2:$S$126)) -> 0.32588454 | AM34: =(T34-MIN($T$2:$T$126))/(MAX($T$2:$T$126)-MIN($T$2:$T$126)) -> 0.72850353 | AN34: =1-(AC34-MIN($AC$2:$AC$126))/(MAX($AC$2:$AC$126)-MIN($AC$2:$AC$126)) -> 0.58616731 | AO34: =(AD34-MIN($AD$2:$AD$126))/(MAX($AD$2:$AD$126)-MIN($AD$2:$AD$126)) -> 0.2994012 | AP34: =1-(AE34-MIN($AE$2:$AE$126))/(MAX($AE$2:$AE$126)-MIN($AE$2:$AE$126)) -> 0.7273 | AQ34: =(V34-MIN($V$2:$V$126))/(MAX($V$2:$V$126)-MIN($V$2:$V$126)) -> 0.29166667 | AR34: =1-(Y34-MIN($Y$2:$Y$126))/(MAX($Y$2:$Y$126)-MIN($Y$2:$Y$126)) -> 1 | AS34: =1-(AA34-MIN($AA$2:$AA$126))/(MAX($AA$2:$AA$126)-MIN($AA$2:$AA$126)) -> 0.68047337 | AT34: =(K34-MIN($K$2:$K$126))/(MAX($K$2:$K$126)-MIN($K$2:$K$126)) -> 0.18181818 | AU34: =(L34-MIN($L$2:$L$126))/(MAX($L$2:$L$126)-MIN($L$2:$L$126)) -> 0.0045106616 | AV34: =(AI34*(Tablero!$B$5/100)+AJ34*(Tablero!$B$6/100))*(Tablero!$B$4/100) -> 0.096725589 | AW34: =(AK34*(Tablero!$B$8/100))*(Tablero!$B$7/100) -> 0.075012177 | AX34: =(AL34*(Tablero!$B$10/100)+AM34*(Tablero!$B$11/100)+AN34*(Tablero!$B$12/100)+AO34*(Tablero!$B$13/100)+AP34*(Tablero!$B$14/100))*(Tablero!$B$9/100) -> 0.12612327 | AY34: =(AQ34*(Tablero!$B$16/100)+AR34*(Tablero!$B$17/100)+AS34*(Tablero!$B$18/100))*(Tablero!$B$15/100) -> 0.1711785 | AZ34: =(AT34*(Tablero!$B$20/100)+AU34*(Tablero!$B$21/100))*(Tablero!$B$19/100) -> 0.0046582211
B35: 14062 | C35: Mixtlán | D35: 3762 | E35: 41 | F35: 23 | G35: 30.6 | H35: 102.9 | I35: 43.9 | J35: 12 | K35: 0.29 | L35: 24 | M35: 0 | N35: 129.93645 | O35: 6.19 | P35: 21 | Q35: 73.390244 | R35: 58.54 | S35: 24.39 | T35: 75.61 | U35: 82.93 | V35: 175 | W35: 2 | X35: 2 | Y35: 0 | Z35: 0 | AA35: 53.2 | AB35: 44 | AC35: 58367.6 | AD35: 0.14 | AE35: 50 | AF35: 5.99 | AG35: =AV35+AW35+AX35+AY35+AZ35 -> 0.47572584 | AH35: ✓ datos directos | AI35: =(G35-MIN($G$2:$G$126))/(MAX($G$2:$G$126)-MIN($G$2:$G$126)) -> 0.5657277 | AJ35: =(N35-MIN($N$2:$N$126))/(MAX($N$2:$N$126)-MIN($N$2:$N$126)) -> 0.0027405239 | AK35: =(O35-MIN($O$2:$O$126))/(MAX($O$2:$O$126)-MIN($O$2:$O$126)) -> 0.30150999 | AL35: =(S35-MIN($S$2:$S$126))/(MAX($S$2:$S$126)-MIN($S$2:$S$126)) -> 0.3226257 | AM35: =(T35-MIN($T$2:$T$126))/(MAX($T$2:$T$126)-MIN($T$2:$T$126)) -> 0.8120409 | AN35: =1-(AC35-MIN($AC$2:$AC$126))/(MAX($AC$2:$AC$126)-MIN($AC$2:$AC$126)) -> 0.56256307 | AO35: =(AD35-MIN($AD$2:$AD$126))/(MAX($AD$2:$AD$126)-MIN($AD$2:$AD$126)) -> 0.083832335 | AP35: =1-(AE35-MIN($AE$2:$AE$126))/(MAX($AE$2:$AE$126)-MIN($AE$2:$AE$126)) -> 0.5 | AQ35: =(V35-MIN($V$2:$V$126))/(MAX($V$2:$V$126)-MIN($V$2:$V$126)) -> 0.48611111 | AR35: =1-(Y35-MIN($Y$2:$Y$126))/(MAX($Y$2:$Y$126)-MIN($Y$2:$Y$126)) -> 1 | AS35: =1-(AA35-MIN($AA$2:$AA$126))/(MAX($AA$2:$AA$126)-MIN($AA$2:$AA$126)) -> 0.61031276 | AT35: =(K35-MIN($K$2:$K$126))/(MAX($K$2:$K$126)-MIN($K$2:$K$126)) -> 0.72727273 | AU35: =(L35-MIN($L$2:$L$126))/(MAX($L$2:$L$126)-MIN($L$2:$L$126)) -> 0.0024603609 | AV35: =(AI35*(Tablero!$B$5/100)+AJ35*(Tablero!$B$6/100))*(Tablero!$B$4/100) -> 0.085133207 | AW35: =(AK35*(Tablero!$B$8/100))*(Tablero!$B$7/100) -> 0.075377496 | AX35: =(AL35*(Tablero!$B$10/100)+AM35*(Tablero!$B$11/100)+AN35*(Tablero!$B$12/100)+AO35*(Tablero!$B$13/100)+AP35*(Tablero!$B$14/100))*(Tablero!$B$9/100) -> 0.10810288 | AY35: =(AQ35*(Tablero!$B$16/100)+AR35*(Tablero!$B$17/100)+AS35*(Tablero!$B$18/100))*(Tablero!$B$15/100) -> 0.18886893 | AZ35: =(AT35*(Tablero!$B$20/100)+AU35*(Tablero!$B$21/100))*(Tablero!$B$19/100) -> 0.018243327
B36: 14110 | C36: Unión de Tula | D36: 14192 | E36: 189 | F36: 74 | G36: 37.2 | H36: 87.4 | I36: 60.8 | J36: 47 | K36: 0.25 | L36: 77 | M36: 1 | N36: 271.04326 | O36: 5.65 | P36: 48 | Q36: 72.957672 | R36: 47.09 | S36: 47.09 | T36: 41.27 | U36: 47.09 | V36: 75 | W36: 5 | X36: 5 | Y36: 0 | Z36: 0 | AA36: 35.2 | AB36: 16 | AC36: 85687.34 | AD36: 0 | AE36: 81.25 | AF36: 4.23 | AG36: =AV36+AW36+AX36+AY36+AZ36 -> 0.41451531 | AH36: ✓ datos directos | AI36: =(G36-MIN($G$2:$G$126))/(MAX($G$2:$G$126)-MIN($G$2:$G$126)) -> 0.72065728 | AJ36: =(N36-MIN($N$2:$N$126))/(MAX($N$2:$N$126)-MIN($N$2:$N$126)) -> 0.005716645 | AK36: =(O36-MIN($O$2:$O$126))/(MAX($O$2:$O$126)-MIN($O$2:$O$126)) -> 0.27520701 | AL36: =(S36-MIN($S$2:$S$126))/(MAX($S$2:$S$126)-MIN($S$2:$S$126)) -> 0.85102421 | AM36: =(T36-MIN($T$2:$T$126))/(MAX($T$2:$T$126)-MIN($T$2:$T$126)) -> 0.31744203 | AN36: =1-(AC36-MIN($AC$2:$AC$126))/(MAX($AC$2:$AC$126)-MIN($AC$2:$AC$126)) -> 0.284356 | AO36: =(AD36-MIN($AD$2:$AD$126))/(MAX($AD$2:$AD$126)-MIN($AD$2:$AD$126)) -> 0 | AP36: =1-(AE36-MIN($AE$2:$AE$126))/(MAX($AE$2:$AE$126)-MIN($AE$2:$AE$126)) -> 0.1875 | AQ36: =(V36-MIN($V$2:$V$126))/(MAX($V$2:$V$126)-MIN($V$2:$V$126)) -> 0.20833333 | AR36: =1-(Y36-MIN($Y$2:$Y$126))/(MAX($Y$2:$Y$126)-MIN($Y$2:$Y$126)) -> 1 | AS36: =1-(AA36-MIN($AA$2:$AA$126))/(MAX($AA$2:$AA$126)-MIN($AA$2:$AA$126)) -> 0.7624683 | AT36: =(K36-MIN($K$2:$K$126))/(MAX($K$2:$K$126)-MIN($K$2:$K$126)) -> 0.60606061 | AU36: =(L36-MIN($L$2:$L$126))/(MAX($L$2:$L$126)-MIN($L$2:$L$126)) -> 0.0097047567 | AV36: =(AI36*(Tablero!$B$5/100)+AJ36*(Tablero!$B$6/100))*(Tablero!$B$4/100) -> 0.10867026 | AW36: =(AK36*(Tablero!$B$8/100))*(Tablero!$B$7/100) -> 0.068801754 | AX36: =(AL36*(Tablero!$B$10/100)+AM36*(Tablero!$B$11/100)+AN36*(Tablero!$B$12/100)+AO36*(Tablero!$B$13/100)+AP36*(Tablero!$B$14/100))*(Tablero!$B$9/100) -> 0.056754126 | AY36: =(AQ36*(Tablero!$B$16/100)+AR36*(Tablero!$B$17/100)+AS36*(Tablero!$B$18/100))*(Tablero!$B$15/100) -> 0.16489504 | AZ36: =(AT36*(Tablero!$B$20/100)+AU36*(Tablero!$B$21/100))*(Tablero!$B$19/100) -> 0.015394134
B37: 14065 | C37: Pihuamo | D37: 10282 | E37: 98 | F37: 36 | G37: 25.2 | H37: 55.5 | I37: 63.3 | J37: 15 | K37: 0.15 | L37: 33 | M37: 0 | N37: 187.38189 | O37: 7.81 | P37: 24 | Q37: 72.77551 | R37: 50 | S37: 34.69 | T37: 44.9 | U37: 44.9 | V37: 240 | W37: 7 | X37: 7 | Y37: 0 | Z37: 0 | AA37: 68.1 | AB37: 45 | AC37: 42656.68 | AD37: 0.62 | AE37: 53.33 | AF37: 3.16 | AG37: =AV37+AW37+AX37+AY37+AZ37 -> 0.46543212 | AH37: ✓ datos directos | AI37: =(G37-MIN($G$2:$G$126))/(MAX($G$2:$G$126)-MIN($G$2:$G$126)) -> 0.43896714 | AJ37: =(N37-MIN($N$2:$N$126))/(MAX($N$2:$N$126)-MIN($N$2:$N$126)) -> 0.003952121 | AK37: =(O37-MIN($O$2:$O$126))/(MAX($O$2:$O$126)-MIN($O$2:$O$126)) -> 0.3804189 | AL37: =(S37-MIN($S$2:$S$126))/(MAX($S$2:$S$126)-MIN($S$2:$S$126)) -> 0.56238361 | AM37: =(T37-MIN($T$2:$T$126))/(MAX($T$2:$T$126)-MIN($T$2:$T$126)) -> 0.3697249 | AN37: =1-(AC37-MIN($AC$2:$AC$126))/(MAX($AC$2:$AC$126)-MIN($AC$2:$AC$126)) -> 0.72255322 | AO37: =(AD37-MIN($AD$2:$AD$126))/(MAX($AD$2:$AD$126)-MIN($AD$2:$AD$126)) -> 0.37125749 | AP37: =1-(AE37-MIN($AE$2:$AE$126))/(MAX($AE$2:$AE$126)-MIN($AE$2:$AE$126)) -> 0.4667 | AQ37: =(V37-MIN($V$2:$V$126))/(MAX($V$2:$V$126)-MIN($V$2:$V$126)) -> 0.66666667 | AR37: =1-(Y37-MIN($Y$2:$Y$126))/(MAX($Y$2:$Y$126)-MIN($Y$2:$Y$126)) -> 1 | AS37: =1-(AA37-MIN($AA$2:$AA$126))/(MAX($AA$2:$AA$126)-MIN($AA$2:$AA$126)) -> 0.48436179 | AT37: =(K37-MIN($K$2:$K$126))/(MAX($K$2:$K$126)-MIN($K$2:$K$126)) -> 0.3030303 | AU37: =(L37-MIN($L$2:$L$126))/(MAX($L$2:$L$126)-MIN($L$2:$L$126)) -> 0.0036905413 | AV37: =(AI37*(Tablero!$B$5/100)+AJ37*(Tablero!$B$6/100))*(Tablero!$B$4/100) -> 0.066240283 | AW37: =(AK37*(Tablero!$B$8/100))*(Tablero!$B$7/100) -> 0.095104725 | AX37: =(AL37*(Tablero!$B$10/100)+AM37*(Tablero!$B$11/100)+AN37*(Tablero!$B$12/100)+AO37*(Tablero!$B$13/100)+AP37*(Tablero!$B$14/100))*(Tablero!$B$9/100) -> 0.09264338 | AY37: =(AQ37*(Tablero!$B$16/100)+AR37*(Tablero!$B$17/100)+AS37*(Tablero!$B$18/100))*(Tablero!$B$15/100) -> 0.20377571 | AZ37: =(AT37*(Tablero!$B$20/100)+AU37*(Tablero!$B$21/100))*(Tablero!$B$19/100) -> 0.0076680211
B38: 14010 | C38: Atemajac de Brizuela | D38: 8829 | E38: 57 | F38: 16 | G38: 19 | H38: 31.9 | I38: 71.9 | J38: 19 | K38: 0.33 | L38: 25 | M38: 0 | N38: 59.124715 | O38: 7.39 | P38: 8 | Q38: 69.263158 | R38: 45.61 | S38: 35.09 | T38: 59.65 | U38: 63.16 | V38: 110 | W38: 2 | X38: 2 | Y38: 0 | Z38: 0 | AA38: 22.7 | AB38: 22 | AC38: 43779.13 | AD38: 0.86 | AE38: 4.55 | AF38: 2.62 | AG38: =AV38+AW38+AX38+AY38+AZ38 -> 0.47991084 | AH38: ✓ datos directos | AI38: =(G38-MIN($G$2:$G$126))/(MAX($G$2:$G$126)-MIN($G$2:$G$126)) -> 0.29342723 | AJ38: =(N38-MIN($N$2:$N$126))/(MAX($N$2:$N$126)-MIN($N$2:$N$126)) -> 0.001247015 | AK38: =(O38-MIN($O$2:$O$126))/(MAX($O$2:$O$126)-MIN($O$2:$O$126)) -> 0.35996103 | AL38: =(S38-MIN($S$2:$S$126))/(MAX($S$2:$S$126)-MIN($S$2:$S$126)) -> 0.5716946 | AM38: =(T38-MIN($T$2:$T$126))/(MAX($T$2:$T$126)-MIN($T$2:$T$126)) -> 0.58216909 | AN38: =1-(AC38-MIN($AC$2:$AC$126))/(MAX($AC$2:$AC$126)-MIN($AC$2:$AC$126)) -> 0.71112289 | AO38: =(AD38-MIN($AD$2:$AD$126))/(MAX($AD$2:$AD$126)-MIN($AD$2:$AD$126)) -> 0.51497006 | AP38: =1-(AE38-MIN($AE$2:$AE$126))/(MAX($AE$2:$AE$126)-MIN($AE$2:$AE$126)) -> 0.9545 | AQ38: =(V38-MIN($V$2:$V$126))/(MAX($V$2:$V$126)-MIN($V$2:$V$126)) -> 0.30555556 | AR38: =1-(Y38-MIN($Y$2:$Y$126))/(MAX($Y$2:$Y$126)-MIN($Y$2:$Y$126)) -> 1 | AS38: =1-(AA38-MIN($AA$2:$AA$126))/(MAX($AA$2:$AA$126)-MIN($AA$2:$AA$126)) -> 0.86813187 | AT38: =(K38-MIN($K$2:$K$126))/(MAX($K$2:$K$126)-MIN($K$2:$K$126)) -> 0.84848485 | AU38: =(L38-MIN($L$2:$L$126))/(MAX($L$2:$L$126)-MIN($L$2:$L$126)) -> 0.0025970476 | AV38: =(AI38*(Tablero!$B$5/100)+AJ38*(Tablero!$B$6/100))*(Tablero!$B$4/100) -> 0.044138786 | AW38: =(AK38*(Tablero!$B$8/100))*(Tablero!$B$7/100) -> 0.089990258 | AX38: =(AL38*(Tablero!$B$10/100)+AM38*(Tablero!$B$11/100)+AN38*(Tablero!$B$12/100)+AO38*(Tablero!$B$13/100)+AP38*(Tablero!$B$14/100))*(Tablero!$B$9/100) -> 0.1472459 | AY38: =(AQ38*(Tablero!$B$16/100)+AR38*(Tablero!$B$17/100)+AS38*(Tablero!$B$18/100))*(Tablero!$B$15/100) -> 0.17725885 | AZ38: =(AT38*(Tablero!$B$20/100)+AU38*(Tablero!$B$21/100))*(Tablero!$B$19/100) -> 0.021277047
B39: 14035 | C39: Encarnación de Díaz | D39: 53801 | E39: 477 | F39: 133 | G39: 24.6 | H39: 41.1 | I39: 72.1 | J39: 80 | K39: 0.17 | L39: 250 | M39: 5 | N39: 696.01569 | O39: 9.28 | P39: 75 | Q39: 70.87631 | R39: 54.3 | S39: 40.88 | T39: 56.81 | U39: 61.43 | V39: 230 | W39: 13 | X39: 11 | Y39: 2 | Z39: 0 | AA39: 24.2 | AB39: 81 | AC39: 47076.63 | AD39: 0.32 | AE39: 32.1 | AF39: 5.98 | AG39: =AV39+AW39+AX39+AY39+AZ39 -> 0.51410996 | AH39: ✓ datos directos | AI39: =(G39-MIN($G$2:$G$126))/(MAX($G$2:$G$126)-MIN($G$2:$G$126)) -> 0.42488263 | AJ39: =(N39-MIN($N$2:$N$126))/(MAX($N$2:$N$126)-MIN($N$2:$N$126)) -> 0.014679851 | AK39: =(O39-MIN($O$2:$O$126))/(MAX($O$2:$O$126)-MIN($O$2:$O$126)) -> 0.45202143 | AL39: =(S39-MIN($S$2:$S$126))/(MAX($S$2:$S$126)-MIN($S$2:$S$126)) -> 0.70647114 | AM39: =(T39-MIN($T$2:$T$126))/(MAX($T$2:$T$126)-MIN($T$2:$T$126)) -> 0.54126458 | AN39: =1-(AC39-MIN($AC$2:$AC$126))/(MAX($AC$2:$AC$126)-MIN($AC$2:$AC$126)) -> 0.67754322 | AO39: =(AD39-MIN($AD$2:$AD$126))/(MAX($AD$2:$AD$126)-MIN($AD$2:$AD$126)) -> 0.19161677 | AP39: =1-(AE39-MIN($AE$2:$AE$126))/(MAX($AE$2:$AE$126)-MIN($AE$2:$AE$126)) -> 0.679 | AQ39: =(V39-MIN($V$2:$V$126))/(MAX($V$2:$V$126)-MIN($V$2:$V$126)) -> 0.63888889 | AR39: =1-(Y39-MIN($Y$2:$Y$126))/(MAX($Y$2:$Y$126)-MIN($Y$2:$Y$126)) -> 0.97916667 | AS39: =1-(AA39-MIN($AA$2:$AA$126))/(MAX($AA$2:$AA$126)-MIN($AA$2:$AA$126)) -> 0.85545224 | AT39: =(K39-MIN($K$2:$K$126))/(MAX($K$2:$K$126)-MIN($K$2:$K$126)) -> 0.36363636 | AU39: =(L39-MIN($L$2:$L$126))/(MAX($L$2:$L$126)-MIN($L$2:$L$126)) -> 0.033351558 | AV39: =(AI39*(Tablero!$B$5/100)+AJ39*(Tablero!$B$6/100))*(Tablero!$B$4/100) -> 0.065200379 | AW39: =(AK39*(Tablero!$B$8/100))*(Tablero!$B$7/100) -> 0.11300536 | AX39: =(AL39*(Tablero!$B$10/100)+AM39*(Tablero!$B$11/100)+AN39*(Tablero!$B$12/100)+AO39*(Tablero!$B$13/100)+AP39*(Tablero!$B$14/100))*(Tablero!$B$9/100) -> 0.1183085 | AY39: =(AQ39*(Tablero!$B$16/100)+AR39*(Tablero!$B$17/100)+AS39*(Tablero!$B$18/100))*(Tablero!$B$15/100) -> 0.20767103 | AZ39: =(AT39*(Tablero!$B$20/100)+AU39*(Tablero!$B$21/100))*(Tablero!$B$19/100) -> 0.009924698
B40: 14040 | C40: Hostotipaquillo | D40: 8800 | E40: 76 | F40: 26 | G40: 23.7 | H40: 48.6 | I40: 65.8 | J40: 19 | K40: 0.25 | L40: 26 | M40: 1 | N40: 77.979492 | O40: 6 | P40: 13 | Q40: 69.907895 | R40: 44.74 | S40: 46.05 | T40: 59.21 | U40: 46.05 | V40: 125 | W40: 2 | X40: 2 | Y40: 0 | Z40: 0 | AA40: 22.7 | AC40: 52157.1 | AD40: 0.12 | AE40: 45.83 | AF40: 3.02 | AG40: =AV40+AW40+AX40+AY40+AZ40 -> 0.43881252 | AH40: ~ estimación estatal | AI40: =(G40-MIN($G$2:$G$126))/(MAX($G$2:$G$126)-MIN($G$2:$G$126)) -> 0.40375587 | AJ40: =(N40-MIN($N$2:$N$126))/(MAX($N$2:$N$126)-MIN($N$2:$N$126)) -> 0.001644686 | AK40: =(O40-MIN($O$2:$O$126))/(MAX($O$2:$O$126)-MIN($O$2:$O$126)) -> 0.29225524 | AL40: =(S40-MIN($S$2:$S$126))/(MAX($S$2:$S$126)-MIN($S$2:$S$126)) -> 0.82681564 | AM40: =(T40-MIN($T$2:$T$126))/(MAX($T$2:$T$126)-MIN($T$2:$T$126)) -> 0.57583177 | AN40: =1-(AC40-MIN($AC$2:$AC$126))/(MAX($AC$2:$AC$126)-MIN($AC$2:$AC$126)) -> 0.6258069 | AO40: =(AD40-MIN($AD$2:$AD$126))/(MAX($AD$2:$AD$126)-MIN($AD$2:$AD$126)) -> 0.071856287 | AP40: =1-(AE40-MIN($AE$2:$AE$126))/(MAX($AE$2:$AE$126)-MIN($AE$2:$AE$126)) -> 0.5417 | AQ40: =(V40-MIN($V$2:$V$126))/(MAX($V$2:$V$126)-MIN($V$2:$V$126)) -> 0.34722222 | AR40: =1-(Y40-MIN($Y$2:$Y$126))/(MAX($Y$2:$Y$126)-MIN($Y$2:$Y$126)) -> 1 | AS40: =1-(AA40-MIN($AA$2:$AA$126))/(MAX($AA$2:$AA$126)-MIN($AA$2:$AA$126)) -> 0.86813187 | AT40: =(K40-MIN($K$2:$K$126))/(MAX($K$2:$K$126)-MIN($K$2:$K$126)) -> 0.60606061 | AU40: =(L40-MIN($L$2:$L$126))/(MAX($L$2:$L$126)-MIN($L$2:$L$126)) -> 0.0027337343 | AV40: =(AI40*(Tablero!$B$5/100)+AJ40*(Tablero!$B$6/100))*(Tablero!$B$4/100) -> 0.060727849 | AW40: =(AK40*(Tablero!$B$8/100))*(Tablero!$B$7/100) -> 0.073063809 | AX40: =(AL40*(Tablero!$B$10/100)+AM40*(Tablero!$B$11/100)+AN40*(Tablero!$B$12/100)+AO40*(Tablero!$B$13/100)+AP40*(Tablero!$B$14/100))*(Tablero!$B$9/100) -> 0.10837548 | AY40: =(AQ40*(Tablero!$B$16/100)+AR40*(Tablero!$B$17/100)+AS40*(Tablero!$B$18/100))*(Tablero!$B$15/100) -> 0.18142552 | AZ40: =(AT40*(Tablero!$B$20/100)+AU40*(Tablero!$B$21/100))*(Tablero!$B$19/100) -> 0.015219859
B41: 14079 | C41: Gómez Farías | D41: 17633 | E41: 152 | F41: 60 | G41: 24.7 | H41: 58.6 | I41: 60.5 | J41: 47 | K41: 0.31 | L41: 72 | M41: 1 | N41: 214.20073 | O41: 7.39 | P41: 29 | Q41: 70.901316 | R41: 55.26 | S41: 38.16 | T41: 38.16 | U41: 41.45 | V41: 165 | W41: 4 | X41: 4 | Y41: 0 | Z41: 0 | AA41: 22.7 | AB41: 45 | AC41: 63197.53 | AD41: 0.29 | AE41: 53.33 | AF41: 2.64 | AG41: =AV41+AW41+AX41+AY41+AZ41 -> 0.44728434 | AH41: ✓ datos directos | AI41: =(G41-MIN($G$2:$G$126))/(MAX($G$2:$G$126)-MIN($G$2:$G$126)) -> 0.42723005 | AJ41: =(N41-MIN($N$2:$N$126))/(MAX($N$2:$N$126)-MIN($N$2:$N$126)) -> 0.0045177642 | AK41: =(O41-MIN($O$2:$O$126))/(MAX($O$2:$O$126)-MIN($O$2:$O$126)) -> 0.35996103 | AL41: =(S41-MIN($S$2:$S$126))/(MAX($S$2:$S$126)-MIN($S$2:$S$126)) -> 0.64315642 | AM41: =(T41-MIN($T$2:$T$126))/(MAX($T$2:$T$126)-MIN($T$2:$T$126)) -> 0.27264871 | AN41: =1-(AC41-MIN($AC$2:$AC$126))/(MAX($AC$2:$AC$126)-MIN($AC$2:$AC$126)) -> 0.5133781 | AO41: =(AD41-MIN($AD$2:$AD$126))/(MAX($AD$2:$AD$126)-MIN($AD$2:$AD$126)) -> 0.17365269 | AP41: =1-(AE41-MIN($AE$2:$AE$126))/(MAX($AE$2:$AE$126)-MIN($AE$2:$AE$126)) -> 0.4667 | AQ41: =(V41-MIN($V$2:$V$126))/(MAX($V$2:$V$126)-MIN($V$2:$V$126)) -> 0.45833333 | AR41: =1-(Y41-MIN($Y$2:$Y$126))/(MAX($Y$2:$Y$126)-MIN($Y$2:$Y$126)) -> 1 | AS41: =1-(AA41-MIN($AA$2:$AA$126))/(MAX($AA$2:$AA$126)-MIN($AA$2:$AA$126)) -> 0.86813187 | AT41: =(K41-MIN($K$2:$K$126))/(MAX($K$2:$K$126)-MIN($K$2:$K$126)) -> 0.78787879 | AU41: =(L41-MIN($L$2:$L$126))/(MAX($L$2:$L$126)-MIN($L$2:$L$126)) -> 0.0090213231 | AV41: =(AI41*(Tablero!$B$5/100)+AJ41*(Tablero!$B$6/100))*(Tablero!$B$4/100) -> 0.064536283 | AW41: =(AK41*(Tablero!$B$8/100))*(Tablero!$B$7/100) -> 0.089990258 | AX41: =(AL41*(Tablero!$B$10/100)+AM41*(Tablero!$B$11/100)+AN41*(Tablero!$B$12/100)+AO41*(Tablero!$B$13/100)+AP41*(Tablero!$B$14/100))*(Tablero!$B$9/100) -> 0.080298667 | AY41: =(AQ41*(Tablero!$B$16/100)+AR41*(Tablero!$B$17/100)+AS41*(Tablero!$B$18/100))*(Tablero!$B$15/100) -> 0.19253663 | AZ41: =(AT41*(Tablero!$B$20/100)+AU41*(Tablero!$B$21/100))*(Tablero!$B$19/100) -> 0.019922503
B42: 14080 | C42: San Sebastián del Oeste | D42: 4885 | E42: 45 | F42: 13 | G42: 24.8 | H42: 42.9 | I42: 71.1 | J42: 3 | K42: 0.07 | L42: 21 | M42: 1 | N42: 26.419276 | O42: 3.3 | P42: 8 | Q42: 76.888889 | R42: 42.22 | S42: 48.89 | T42: 55.56 | U42: 53.33 | V42: 260 | W42: 2 | X42: 2 | Y42: 0 | Z42: 0 | AA42: 40.9 | AC42: 52157.1 | AD42: 0.12 | AE42: 45.83 | AF42: 3.02 | AG42: =AV42+AW42+AX42+AY42+AZ42 -> 0.4278666 | AH42: ~ estimación estatal | AI42: =(G42-MIN($G$2:$G$126))/(MAX($G$2:$G$126)-MIN($G$2:$G$126)) -> 0.42957746 | AJ42: =(N42-MIN($N$2:$N$126))/(MAX($N$2:$N$126)-MIN($N$2:$N$126)) -> 0.00055721592 | AK42: =(O42-MIN($O$2:$O$126))/(MAX($O$2:$O$126)-MIN($O$2:$O$126)) -> 0.16074038 | AL42: =(S42-MIN($S$2:$S$126))/(MAX($S$2:$S$126)-MIN($S$2:$S$126)) -> 0.89292365 | AM42: =(T42-MIN($T$2:$T$126))/(MAX($T$2:$T$126)-MIN($T$2:$T$126)) -> 0.52326084 | AN42: =1-(AC42-MIN($AC$2:$AC$126))/(MAX($AC$2:$AC$126)-MIN($AC$2:$AC$126)) -> 0.6258069 | AO42: =(AD42-MIN($AD$2:$AD$126))/(MAX($AD$2:$AD$126)-MIN($AD$2:$AD$126)) -> 0.071856287 | AP42: =1-(AE42-MIN($AE$2:$AE$126))/(MAX($AE$2:$AE$126)-MIN($AE$2:$AE$126)) -> 0.5417 | AQ42: =(V42-MIN($V$2:$V$126))/(MAX($V$2:$V$126)-MIN($V$2:$V$126)) -> 0.72222222 | AR42: =1-(Y42-MIN($Y$2:$Y$126))/(MAX($Y$2:$Y$126)-MIN($Y$2:$Y$126)) -> 1 | AS42: =1-(AA42-MIN($AA$2:$AA$126))/(MAX($AA$2:$AA$126)-MIN($AA$2:$AA$126)) -> 0.71428571 | AT42: =(K42-MIN($K$2:$K$126))/(MAX($K$2:$K$126)-MIN($K$2:$K$126)) -> 0.060606061 | AU42: =(L42-MIN($L$2:$L$126))/(MAX($L$2:$L$126)-MIN($L$2:$L$126)) -> 0.0020503007 | AV42: =(AI42*(Tablero!$B$5/100)+AJ42*(Tablero!$B$6/100))*(Tablero!$B$4/100) -> 0.064492341 | AW42: =(AK42*(Tablero!$B$8/100))*(Tablero!$B$7/100) -> 0.040185095 | AX42: =(AL42*(Tablero!$B$10/100)+AM42*(Tablero!$B$11/100)+AN42*(Tablero!$B$12/100)+AO42*(Tablero!$B$13/100)+AP42*(Tablero!$B$14/100))*(Tablero!$B$9/100) -> 0.10654339 | AY42: =(AQ42*(Tablero!$B$16/100)+AR42*(Tablero!$B$17/100)+AS42*(Tablero!$B$18/100))*(Tablero!$B$15/100) -> 0.21507937 | AZ42: =(AT42*(Tablero!$B$20/100)+AU42*(Tablero!$B$21/100))*(Tablero!$B$19/100) -> 0.001566409
B43: 14106 | C43: Tuxcacuesco | D43: 6132 | E43: 57 | F43: 14 | G43: 27.3 | H43: 40.3 | I43: 75.4 | J43: 11 | K43: 0.19 | L43: 25 | M43: 0 | N43: 9.0784832 | O43: 2.27 | P43: 4 | Q43: 71.824561 | R43: 42.11 | S43: 47.37 | T43: 50.88 | U43: 36.84 | V43: 195 | W43: 2 | X43: 2 | Y43: 0 | Z43: 0 | AA43: 32.6 | AB43: 37 | AC43: 51553.17 | AD43: 0.3 | AE43: 45.95 | AF43: 2.65 | AG43: =AV43+AW43+AX43+AY43+AZ43 -> 0.41432395 | AH43: ✓ datos directos | AI43: =(G43-MIN($G$2:$G$126))/(MAX($G$2:$G$126)-MIN($G$2:$G$126)) -> 0.48826291 | AJ43: =(N43-MIN($N$2:$N$126))/(MAX($N$2:$N$126)-MIN($N$2:$N$126)) -> 0.00019147669 | AK43: =(O43-MIN($O$2:$O$126))/(MAX($O$2:$O$126)-MIN($O$2:$O$126)) -> 0.1105699 | AL43: =(S43-MIN($S$2:$S$126))/(MAX($S$2:$S$126)-MIN($S$2:$S$126)) -> 0.8575419 | AM43: =(T43-MIN($T$2:$T$126))/(MAX($T$2:$T$126)-MIN($T$2:$T$126)) -> 0.45585482 | AN43: =1-(AC43-MIN($AC$2:$AC$126))/(MAX($AC$2:$AC$126)-MIN($AC$2:$AC$126)) -> 0.63195695 | AO43: =(AD43-MIN($AD$2:$AD$126))/(MAX($AD$2:$AD$126)-MIN($AD$2:$AD$126)) -> 0.17964072 | AP43: =1-(AE43-MIN($AE$2:$AE$126))/(MAX($AE$2:$AE$126)-MIN($AE$2:$AE$126)) -> 0.5405 | AQ43: =(V43-MIN($V$2:$V$126))/(MAX($V$2:$V$126)-MIN($V$2:$V$126)) -> 0.54166667 | AR43: =1-(Y43-MIN($Y$2:$Y$126))/(MAX($Y$2:$Y$126)-MIN($Y$2:$Y$126)) -> 1 | AS43: =1-(AA43-MIN($AA$2:$AA$126))/(MAX($AA$2:$AA$126)-MIN($AA$2:$AA$126)) -> 0.78444632 | AT43: =(K43-MIN($K$2:$K$126))/(MAX($K$2:$K$126)-MIN($K$2:$K$126)) -> 0.42424242 | AU43: =(L43-MIN($L$2:$L$126))/(MAX($L$2:$L$126)-MIN($L$2:$L$126)) -> 0.0025970476 | AV43: =(AI43*(Tablero!$B$5/100)+AJ43*(Tablero!$B$6/100))*(Tablero!$B$4/100) -> 0.073258584 | AW43: =(AK43*(Tablero!$B$8/100))*(Tablero!$B$7/100) -> 0.027642474 | AX43: =(AL43*(Tablero!$B$10/100)+AM43*(Tablero!$B$11/100)+AN43*(Tablero!$B$12/100)+AO43*(Tablero!$B$13/100)+AP43*(Tablero!$B$14/100))*(Tablero!$B$9/100) -> 0.10397408 | AY43: =(AQ43*(Tablero!$B$16/100)+AR43*(Tablero!$B$17/100)+AS43*(Tablero!$B$18/100))*(Tablero!$B$15/100) -> 0.19877782 | AZ43: =(AT43*(Tablero!$B$20/100)+AU43*(Tablero!$B$21/100))*(Tablero!$B$19/100) -> 0.010670987
B44: 14112 | C44: Valle de Juárez | D44: 6929 | E44: 67 | F44: 23 | G44: 28.2 | H44: 58.2 | I44: 65.7 | J44: 14 | K44: 0.21 | L44: 36 | M44: 1 | N44: 126.73706 | O44: 7.46 | P44: 17 | Q44: 75.552239 | R44: 46.27 | S44: 38.81 | T44: 86.57 | U44: 85.07 | V44: 215 | W44: 4 | X44: 2 | Y44: 2 | Z44: 0 | AA44: 57.7 | AC44: 52157.1 | AD44: 0.12 | AE44: 45.83 | AF44: 3.02 | AG44: =AV44+AW44+AX44+AY44+AZ44 -> 0.50481592 | AH44: ~ estimación estatal | AI44: =(G44-MIN($G$2:$G$126))/(MAX($G$2:$G$126)-MIN($G$2:$G$126)) -> 0.50938967 | AJ44: =(N44-MIN($N$2:$N$126))/(MAX($N$2:$N$126)-MIN($N$2:$N$126)) -> 0.0026730449 | AK44: =(O44-MIN($O$2:$O$126))/(MAX($O$2:$O$126)-MIN($O$2:$O$126)) -> 0.36337068 | AL44: =(S44-MIN($S$2:$S$126))/(MAX($S$2:$S$126)-MIN($S$2:$S$126)) -> 0.65828678 | AM44: =(T44-MIN($T$2:$T$126))/(MAX($T$2:$T$126)-MIN($T$2:$T$126)) -> 0.96989774 | AN44: =1-(AC44-MIN($AC$2:$AC$126))/(MAX($AC$2:$AC$126)-MIN($AC$2:$AC$126)) -> 0.6258069 | AO44: =(AD44-MIN($AD$2:$AD$126))/(MAX($AD$2:$AD$126)-MIN($AD$2:$AD$126)) -> 0.071856287 | AP44: =1-(AE44-MIN($AE$2:$AE$126))/(MAX($AE$2:$AE$126)-MIN($AE$2:$AE$126)) -> 0.5417 | AQ44: =(V44-MIN($V$2:$V$126))/(MAX($V$2:$V$126)-MIN($V$2:$V$126)) -> 0.59722222 | AR44: =1-(Y44-MIN($Y$2:$Y$126))/(MAX($Y$2:$Y$126)-MIN($Y$2:$Y$126)) -> 0.97916667 | AS44: =1-(AA44-MIN($AA$2:$AA$126))/(MAX($AA$2:$AA$126)-MIN($AA$2:$AA$126)) -> 0.57227388 | AT44: =(K44-MIN($K$2:$K$126))/(MAX($K$2:$K$126)-MIN($K$2:$K$126)) -> 0.48484848 | AU44: =(L44-MIN($L$2:$L$126))/(MAX($L$2:$L$126)-MIN($L$2:$L$126)) -> 0.0041006014 | AV44: =(AI44*(Tablero!$B$5/100)+AJ44*(Tablero!$B$6/100))*(Tablero!$B$4/100) -> 0.076675755 | AW44: =(AK44*(Tablero!$B$8/100))*(Tablero!$B$7/100) -> 0.090842669 | AX44: =(AL44*(Tablero!$B$10/100)+AM44*(Tablero!$B$11/100)+AN44*(Tablero!$B$12/100)+AO44*(Tablero!$B$13/100)+AP44*(Tablero!$B$14/100))*(Tablero!$B$9/100) -> 0.12864886 | AY44: =(AQ44*(Tablero!$B$16/100)+AR44*(Tablero!$B$17/100)+AS44*(Tablero!$B$18/100))*(Tablero!$B$15/100) -> 0.1964249 | AZ44: =(AT44*(Tablero!$B$20/100)+AU44*(Tablero!$B$21/100))*(Tablero!$B$19/100) -> 0.012223727
B45: 14109 | C45: Unión de San Antonio | D45: 19907 | E45: 131 | F45: 58 | G45: 18.6 | H45: 49.3 | I45: 55.7 | J45: 23 | K45: 0.18 | L45: 59 | M45: 0 | N45: 181.83058 | O45: 5.2 | P45: 35 | Q45: 73.709924 | R45: 55.73 | S45: 43.51 | T45: 66.41 | U45: 61.83 | V45: 215 | W45: 7 | X45: 7 | Y45: 0 | Z45: 0 | AA45: 35.2 | AB45: 41 | AC45: 54781.29 | AD45: 0.76 | AE45: 12.2 | AF45: 3.8 | AG45: =AV45+AW45+AX45+AY45+AZ45 -> 0.46757392 | AH45: ✓ datos directos | AI45: =(G45-MIN($G$2:$G$126))/(MAX($G$2:$G$126)-MIN($G$2:$G$126)) -> 0.28403756 | AJ45: =(N45-MIN($N$2:$N$126))/(MAX($N$2:$N$126)-MIN($N$2:$N$126)) -> 0.0038350368 | AK45: =(O45-MIN($O$2:$O$126))/(MAX($O$2:$O$126)-MIN($O$2:$O$126)) -> 0.25328787 | AL45: =(S45-MIN($S$2:$S$126))/(MAX($S$2:$S$126)-MIN($S$2:$S$126)) -> 0.76769088 | AM45: =(T45-MIN($T$2:$T$126))/(MAX($T$2:$T$126)-MIN($T$2:$T$126)) -> 0.67953334 | AN45: =1-(AC45-MIN($AC$2:$AC$126))/(MAX($AC$2:$AC$126)-MIN($AC$2:$AC$126)) -> 0.5990838 | AO45: =(AD45-MIN($AD$2:$AD$126))/(MAX($AD$2:$AD$126)-MIN($AD$2:$AD$126)) -> 0.45508982 | AP45: =1-(AE45-MIN($AE$2:$AE$126))/(MAX($AE$2:$AE$126)-MIN($AE$2:$AE$126)) -> 0.878 | AQ45: =(V45-MIN($V$2:$V$126))/(MAX($V$2:$V$126)-MIN($V$2:$V$126)) -> 0.59722222 | AR45: =1-(Y45-MIN($Y$2:$Y$126))/(MAX($Y$2:$Y$126)-MIN($Y$2:$Y$126)) -> 1 | AS45: =1-(AA45-MIN($AA$2:$AA$126))/(MAX($AA$2:$AA$126)-MIN($AA$2:$AA$126)) -> 0.7624683 | AT45: =(K45-MIN($K$2:$K$126))/(MAX($K$2:$K$126)-MIN($K$2:$K$126)) -> 0.39393939 | AU45: =(L45-MIN($L$2:$L$126))/(MAX($L$2:$L$126)-MIN($L$2:$L$126)) -> 0.0072443958 | AV45: =(AI45*(Tablero!$B$5/100)+AJ45*(Tablero!$B$6/100))*(Tablero!$B$4/100) -> 0.042989137 | AW45: =(AK45*(Tablero!$B$8/100))*(Tablero!$B$7/100) -> 0.063321968 | AX45: =(AL45*(Tablero!$B$10/100)+AM45*(Tablero!$B$11/100)+AN45*(Tablero!$B$12/100)+AO45*(Tablero!$B$13/100)+AP45*(Tablero!$B$14/100))*(Tablero!$B$9/100) -> 0.14744929 | AY45: =(AQ45*(Tablero!$B$16/100)+AR45*(Tablero!$B$17/100)+AS45*(Tablero!$B$18/100))*(Tablero!$B$15/100) -> 0.20378393 | AZ45: =(AT45*(Tablero!$B$20/100)+AU45*(Tablero!$B$21/100))*(Tablero!$B$19/100) -> 0.010029595
B46: 14068 | C46: Villa Purificación | D46: 11911 | E46: 128 | F46: 56 | G46: 30.4 | H46: 79.8 | I46: 56.2 | J46: 33 | K46: 0.26 | L46: 56 | M46: 3 | N46: 120.13039 | O46: 4.62 | P46: 26 | Q46: 72.695312 | R46: 45.31 | S46: 38.28 | T46: 60.94 | U46: 47.66 | V46: 285 | W46: 6 | X46: 5 | Y46: 1 | Z46: 0 | AA46: 50.4 | AB46: 34 | AC46: 40595.58 | AD46: 0.91 | AE46: 50 | AF46: 3.51 | AG46: =AV46+AW46+AX46+AY46+AZ46 -> 0.49019448 | AH46: ✓ datos directos | AI46: =(G46-MIN($G$2:$G$126))/(MAX($G$2:$G$126)-MIN($G$2:$G$126)) -> 0.56103286 | AJ46: =(N46-MIN($N$2:$N$126))/(MAX($N$2:$N$126)-MIN($N$2:$N$126)) -> 0.0025337017 | AK46: =(O46-MIN($O$2:$O$126))/(MAX($O$2:$O$126)-MIN($O$2:$O$126)) -> 0.22503653 | AL46: =(S46-MIN($S$2:$S$126))/(MAX($S$2:$S$126)-MIN($S$2:$S$126)) -> 0.64594972 | AM46: =(T46-MIN($T$2:$T$126))/(MAX($T$2:$T$126)-MIN($T$2:$T$126)) -> 0.60074896 | AN46: =1-(AC46-MIN($AC$2:$AC$126))/(MAX($AC$2:$AC$126)-MIN($AC$2:$AC$126)) -> 0.74354216 | AO46: =(AD46-MIN($AD$2:$AD$126))/(MAX($AD$2:$AD$126)-MIN($AD$2:$AD$126)) -> 0.54491018 | AP46: =1-(AE46-MIN($AE$2:$AE$126))/(MAX($AE$2:$AE$126)-MIN($AE$2:$AE$126)) -> 0.5 | AQ46: =(V46-MIN($V$2:$V$126))/(MAX($V$2:$V$126)-MIN($V$2:$V$126)) -> 0.79166667 | AR46: =1-(Y46-MIN($Y$2:$Y$126))/(MAX($Y$2:$Y$126)-MIN($Y$2:$Y$126)) -> 0.98958333 | AS46: =1-(AA46-MIN($AA$2:$AA$126))/(MAX($AA$2:$AA$126)-MIN($AA$2:$AA$126)) -> 0.6339814 | AT46: =(K46-MIN($K$2:$K$126))/(MAX($K$2:$K$126)-MIN($K$2:$K$126)) -> 0.63636364 | AU46: =(L46-MIN($L$2:$L$126))/(MAX($L$2:$L$126)-MIN($L$2:$L$126)) -> 0.0068343357 | AV46: =(AI46*(Tablero!$B$5/100)+AJ46*(Tablero!$B$6/100))*(Tablero!$B$4/100) -> 0.0844083 | AW46: =(AK46*(Tablero!$B$8/100))*(Tablero!$B$7/100) -> 0.056259133 | AX46: =(AL46*(Tablero!$B$10/100)+AM46*(Tablero!$B$11/100)+AN46*(Tablero!$B$12/100)+AO46*(Tablero!$B$13/100)+AP46*(Tablero!$B$14/100))*(Tablero!$B$9/100) -> 0.11473298 | AY46: =(AQ46*(Tablero!$B$16/100)+AR46*(Tablero!$B$17/100)+AS46*(Tablero!$B$18/100))*(Tablero!$B$15/100) -> 0.21871412 | AZ46: =(AT46*(Tablero!$B$20/100)+AU46*(Tablero!$B$21/100))*(Tablero!$B$19/100) -> 0.016079949
B47: 14069 | C47: Quitupan | D47: 7416 | E47: 97 | F47: 52 | G47: 35.2 | H47: 113.2 | I47: 46.4 | J47: 15 | K47: 0.16 | L47: 53 | M47: 2 | N47: 116.71694 | O47: 3.24 | P47: 36 | Q47: 73.268041 | R47: 44.33 | S47: 34.02 | T47: 88.66 | U47: 70.1 | V47: 45 | W47: 4 | X47: 4 | Y47: 0 | Z47: 0 | AA47: 53.9 | AB47: 62 | AC47: 38500.89 | AD47: 0.02 | AE47: 38.71 | AF47: 6.63 | AG47: =AV47+AW47+AX47+AY47+AZ47 -> 0.43736553 | AH47: ✓ datos directos | AI47: =(G47-MIN($G$2:$G$126))/(MAX($G$2:$G$126)-MIN($G$2:$G$126)) -> 0.67370892 | AJ47: =(N47-MIN($N$2:$N$126))/(MAX($N$2:$N$126)-MIN($N$2:$N$126)) -> 0.0024617079 | AK47: =(O47-MIN($O$2:$O$126))/(MAX($O$2:$O$126)-MIN($O$2:$O$126)) -> 0.15781783 | AL47: =(S47-MIN($S$2:$S$126))/(MAX($S$2:$S$126)-MIN($S$2:$S$126)) -> 0.54678771 | AM47: =(T47-MIN($T$2:$T$126))/(MAX($T$2:$T$126)-MIN($T$2:$T$126)) -> 1 | AN47: =1-(AC47-MIN($AC$2:$AC$126))/(MAX($AC$2:$AC$126)-MIN($AC$2:$AC$126)) -> 0.76487317 | AO47: =(AD47-MIN($AD$2:$AD$126))/(MAX($AD$2:$AD$126)-MIN($AD$2:$AD$126)) -> 0.011976048 | AP47: =1-(AE47-MIN($AE$2:$AE$126))/(MAX($AE$2:$AE$126)-MIN($AE$2:$AE$126)) -> 0.6129 | AQ47: =(V47-MIN($V$2:$V$126))/(MAX($V$2:$V$126)-MIN($V$2:$V$126)) -> 0.125 | AR47: =1-(Y47-MIN($Y$2:$Y$126))/(MAX($Y$2:$Y$126)-MIN($Y$2:$Y$126)) -> 1 | AS47: =1-(AA47-MIN($AA$2:$AA$126))/(MAX($AA$2:$AA$126)-MIN($AA$2:$AA$126)) -> 0.6043956 | AT47: =(K47-MIN($K$2:$K$126))/(MAX($K$2:$K$126)-MIN($K$2:$K$126)) -> 0.33333333 | AU47: =(L47-MIN($L$2:$L$126))/(MAX($L$2:$L$126)-MIN($L$2:$L$126)) -> 0.0064242756 | AV47: =(AI47*(Tablero!$B$5/100)+AJ47*(Tablero!$B$6/100))*(Tablero!$B$4/100) -> 0.10130251 | AW47: =(AK47*(Tablero!$B$8/100))*(Tablero!$B$7/100) -> 0.039454457 | AX47: =(AL47*(Tablero!$B$10/100)+AM47*(Tablero!$B$11/100)+AN47*(Tablero!$B$12/100)+AO47*(Tablero!$B$13/100)+AP47*(Tablero!$B$14/100))*(Tablero!$B$9/100) -> 0.13550474 | AY47: =(AQ47*(Tablero!$B$16/100)+AR47*(Tablero!$B$17/100)+AS47*(Tablero!$B$18/100))*(Tablero!$B$15/100) -> 0.15260989 | AZ47: =(AT47*(Tablero!$B$20/100)+AU47*(Tablero!$B$21/100))*(Tablero!$B$19/100) -> 0.0084939402
B48: 14100 | C48: Tomatlán | D48: 35808 | E48: 286 | F48: 99 | G48: 21.9 | H48: 45.5 | I48: 65.4 | J48: 59 | K48: 0.21 | L48: 148 | M48: 6 | N48: 611.41216 | O48: 8.86 | P48: 69 | Q48: 71.800699 | R48: 46.85 | S48: 37.76 | T48: 50.7 | U48: 51.05 | V48: 305 | W48: 15 | X48: 14 | Y48: 1 | Z48: 0 | AA48: 41.9 | AB48: 175 | AC48: 45820.33 | AD48: 0.45 | AE48: 30.29 | AF48: 4.61 | AG48: =AV48+AW48+AX48+AY48+AZ48 -> 0.51691479 | AH48: ✓ datos directos | AI48: =(G48-MIN($G$2:$G$126))/(MAX($G$2:$G$126)-MIN($G$2:$G$126)) -> 0.36150235 | AJ48: =(N48-MIN($N$2:$N$126))/(MAX($N$2:$N$126)-MIN($N$2:$N$126)) -> 0.012895455 | AK48: =(O48-MIN($O$2:$O$126))/(MAX($O$2:$O$126)-MIN($O$2:$O$126)) -> 0.43156357 | AL48: =(S48-MIN($S$2:$S$126))/(MAX($S$2:$S$126)-MIN($S$2:$S$126)) -> 0.63384544 | AM48: =(T48-MIN($T$2:$T$126))/(MAX($T$2:$T$126)-MIN($T$2:$T$126)) -> 0.45326228 | AN48: =1-(AC48-MIN($AC$2:$AC$126))/(MAX($AC$2:$AC$126)-MIN($AC$2:$AC$126)) -> 0.69033659 | AO48: =(AD48-MIN($AD$2:$AD$126))/(MAX($AD$2:$AD$126)-MIN($AD$2:$AD$126)) -> 0.26946108 | AP48: =1-(AE48-MIN($AE$2:$AE$126))/(MAX($AE$2:$AE$126)-MIN($AE$2:$AE$126)) -> 0.6971 | AQ48: =(V48-MIN($V$2:$V$126))/(MAX($V$2:$V$126)-MIN($V$2:$V$126)) -> 0.84722222 | AR48: =1-(Y48-MIN($Y$2:$Y$126))/(MAX($Y$2:$Y$126)-MIN($Y$2:$Y$126)) -> 0.98958333 | AS48: =1-(AA48-MIN($AA$2:$AA$126))/(MAX($AA$2:$AA$126)-MIN($AA$2:$AA$126)) -> 0.70583263 | AT48: =(K48-MIN($K$2:$K$126))/(MAX($K$2:$K$126)-MIN($K$2:$K$126)) -> 0.48484848 | AU48: =(L48-MIN($L$2:$L$126))/(MAX($L$2:$L$126)-MIN($L$2:$L$126)) -> 0.019409513 | AV48: =(AI48*(Tablero!$B$5/100)+AJ48*(Tablero!$B$6/100))*(Tablero!$B$4/100) -> 0.055514898 | AW48: =(AK48*(Tablero!$B$8/100))*(Tablero!$B$7/100) -> 0.10789089 | AX48: =(AL48*(Tablero!$B$10/100)+AM48*(Tablero!$B$11/100)+AN48*(Tablero!$B$12/100)+AO48*(Tablero!$B$13/100)+AP48*(Tablero!$B$14/100))*(Tablero!$B$9/100) -> 0.1148366 | AY48: =(AQ48*(Tablero!$B$16/100)+AR48*(Tablero!$B$17/100)+AS48*(Tablero!$B$18/100))*(Tablero!$B$15/100) -> 0.22606595 | AZ48: =(AT48*(Tablero!$B$20/100)+AU48*(Tablero!$B$21/100))*(Tablero!$B$19/100) -> 0.01260645
B49: 14052 | C49: Juchitlán | D49: 5547 | E49: 58 | F49: 27 | G49: 28.8 | H49: 80.5 | I49: 53.4 | J49: 16 | K49: 0.28 | L49: 31 | M49: 0 | N49: 54.235036 | O49: 3.39 | P49: 16 | Q49: 74.189655 | R49: 44.83 | S49: 41.38 | T49: 58.62 | U49: 62.07 | V49: 145 | W49: 3 | X49: 3 | Y49: 0 | Z49: 0 | AA49: 54.1 | AB49: 19 | AC49: 30026.08 | AD49: 0 | AE49: 36.84 | AF49: 2.52 | AG49: =AV49+AW49+AX49+AY49+AZ49 -> 0.43372539 | AH49: ✓ datos directos | AI49: =(G49-MIN($G$2:$G$126))/(MAX($G$2:$G$126)-MIN($G$2:$G$126)) -> 0.52347418 | AJ49: =(N49-MIN($N$2:$N$126))/(MAX($N$2:$N$126)-MIN($N$2:$N$126)) -> 0.0011438855 | AK49: =(O49-MIN($O$2:$O$126))/(MAX($O$2:$O$126)-MIN($O$2:$O$126)) -> 0.16512421 | AL49: =(S49-MIN($S$2:$S$126))/(MAX($S$2:$S$126)-MIN($S$2:$S$126)) -> 0.71810987 | AM49: =(T49-MIN($T$2:$T$126))/(MAX($T$2:$T$126)-MIN($T$2:$T$126)) -> 0.56733401 | AN49: =1-(AC49-MIN($AC$2:$AC$126))/(MAX($AC$2:$AC$126)-MIN($AC$2:$AC$126)) -> 0.85117531 | AO49: =(AD49-MIN($AD$2:$AD$126))/(MAX($AD$2:$AD$126)-MIN($AD$2:$AD$126)) -> 0 | AP49: =1-(AE49-MIN($AE$2:$AE$126))/(MAX($AE$2:$AE$126)-MIN($AE$2:$AE$126)) -> 0.6316 | AQ49: =(V49-MIN($V$2:$V$126))/(MAX($V$2:$V$126)-MIN($V$2:$V$126)) -> 0.40277778 | AR49: =1-(Y49-MIN($Y$2:$Y$126))/(MAX($Y$2:$Y$126)-MIN($Y$2:$Y$126)) -> 1 | AS49: =1-(AA49-MIN($AA$2:$AA$126))/(MAX($AA$2:$AA$126)-MIN($AA$2:$AA$126)) -> 0.60270499 | AT49: =(K49-MIN($K$2:$K$126))/(MAX($K$2:$K$126)-MIN($K$2:$K$126)) -> 0.6969697 | AU49: =(L49-MIN($L$2:$L$126))/(MAX($L$2:$L$126)-MIN($L$2:$L$126)) -> 0.0034171679 | AV49: =(AI49*(Tablero!$B$5/100)+AJ49*(Tablero!$B$6/100))*(Tablero!$B$4/100) -> 0.078635515 | AW49: =(AK49*(Tablero!$B$8/100))*(Tablero!$B$7/100) -> 0.041281052 | AX49: =(AL49*(Tablero!$B$10/100)+AM49*(Tablero!$B$11/100)+AN49*(Tablero!$B$12/100)+AO49*(Tablero!$B$13/100)+AP49*(Tablero!$B$14/100))*(Tablero!$B$9/100) -> 0.11595374 | AY49: =(AQ49*(Tablero!$B$16/100)+AR49*(Tablero!$B$17/100)+AS49*(Tablero!$B$18/100))*(Tablero!$B$15/100) -> 0.1803454 | AZ49: =(AT49*(Tablero!$B$20/100)+AU49*(Tablero!$B$21/100))*(Tablero!$B$19/100) -> 0.017509672
B50: 14007 | C50: San Juanito de Escobedo | D50: 9500 | E50: 104 | F50: 39 | G50: 30.3 | H50: 68.1 | I50: 62.5 | J50: 28 | K50: 0.27 | L50: 59 | M50: 3 | N50: 144.27985 | O50: 6.56 | P50: 22 | Q50: 71.701923 | R50: 46.15 | S50: 36.54 | T50: 38.46 | U50: 58.65 | V50: 78 | W50: 4 | X50: 4 | Y50: 0 | Z50: 0 | AA50: 42.1 | AC50: 52157.1 | AD50: 0.12 | AE50: 45.83 | AF50: 3.02 | AG50: =AV50+AW50+AX50+AY50+AZ50 -> 0.43112459 | AH50: ~ estimación estatal | AI50: =(G50-MIN($G$2:$G$126))/(MAX($G$2:$G$126)-MIN($G$2:$G$126)) -> 0.55868545 | AJ50: =(N50-MIN($N$2:$N$126))/(MAX($N$2:$N$126)-MIN($N$2:$N$126)) -> 0.0030430445 | AK50: =(O50-MIN($O$2:$O$126))/(MAX($O$2:$O$126)-MIN($O$2:$O$126)) -> 0.31953239 | AL50: =(S50-MIN($S$2:$S$126))/(MAX($S$2:$S$126)-MIN($S$2:$S$126)) -> 0.60544693 | AM50: =(T50-MIN($T$2:$T$126))/(MAX($T$2:$T$126)-MIN($T$2:$T$126)) -> 0.27696961 | AN50: =1-(AC50-MIN($AC$2:$AC$126))/(MAX($AC$2:$AC$126)-MIN($AC$2:$AC$126)) -> 0.6258069 | AO50: =(AD50-MIN($AD$2:$AD$126))/(MAX($AD$2:$AD$126)-MIN($AD$2:$AD$126)) -> 0.071856287 | AP50: =1-(AE50-MIN($AE$2:$AE$126))/(MAX($AE$2:$AE$126)-MIN($AE$2:$AE$126)) -> 0.5417 | AQ50: =(V50-MIN($V$2:$V$126))/(MAX($V$2:$V$126)-MIN($V$2:$V$126)) -> 0.21666667 | AR50: =1-(Y50-MIN($Y$2:$Y$126))/(MAX($Y$2:$Y$126)-MIN($Y$2:$Y$126)) -> 1 | AS50: =1-(AA50-MIN($AA$2:$AA$126))/(MAX($AA$2:$AA$126)-MIN($AA$2:$AA$126)) -> 0.70414201 | AT50: =(K50-MIN($K$2:$K$126))/(MAX($K$2:$K$126)-MIN($K$2:$K$126)) -> 0.66666667 | AU50: =(L50-MIN($L$2:$L$126))/(MAX($L$2:$L$126)-MIN($L$2:$L$126)) -> 0.0072443958 | AV50: =(AI50*(Tablero!$B$5/100)+AJ50*(Tablero!$B$6/100))*(Tablero!$B$4/100) -> 0.084107121 | AW50: =(AK50*(Tablero!$B$8/100))*(Tablero!$B$7/100) -> 0.079883098 | AX50: =(AL50*(Tablero!$B$10/100)+AM50*(Tablero!$B$11/100)+AN50*(Tablero!$B$12/100)+AO50*(Tablero!$B$13/100)+AP50*(Tablero!$B$14/100))*(Tablero!$B$9/100) -> 0.086016379 | AY50: =(AQ50*(Tablero!$B$16/100)+AR50*(Tablero!$B$17/100)+AS50*(Tablero!$B$18/100))*(Tablero!$B$15/100) -> 0.16427022 | AZ50: =(AT50*(Tablero!$B$20/100)+AU50*(Tablero!$B$21/100))*(Tablero!$B$19/100) -> 0.016847777
B51: 14091 | C51: Teocaltiche | D51: 40300 | E51: 371 | F51: 154 | G51: 25.4 | H51: 63.3 | I51: 58.5 | J51: 78 | K51: 0.21 | L51: 205 | M51: 5 | N51: 802.92167 | O51: 6.86 | P51: 117 | Q51: 71.849057 | R51: 55.26 | S51: 41.51 | T51: 76.28 | U51: 68.46 | V51: 225 | W51: 13 | X51: 10 | Y51: 3 | Z51: 0 | AA51: 32.3 | AC51: 52157.1 | AD51: 0.12 | AE51: 45.83 | AF51: 3.02 | AG51: =AV51+AW51+AX51+AY51+AZ51 -> 0.48886202 | AH51: ~ estimación estatal | AI51: =(G51-MIN($G$2:$G$126))/(MAX($G$2:$G$126)-MIN($G$2:$G$126)) -> 0.44366197 | AJ51: =(N51-MIN($N$2:$N$126))/(MAX($N$2:$N$126)-MIN($N$2:$N$126)) -> 0.016934633 | AK51: =(O51-MIN($O$2:$O$126))/(MAX($O$2:$O$126)-MIN($O$2:$O$126)) -> 0.33414515 | AL51: =(S51-MIN($S$2:$S$126))/(MAX($S$2:$S$126)-MIN($S$2:$S$126)) -> 0.72113594 | AM51: =(T51-MIN($T$2:$T$126))/(MAX($T$2:$T$126)-MIN($T$2:$T$126)) -> 0.82169091 | AN51: =1-(AC51-MIN($AC$2:$AC$126))/(MAX($AC$2:$AC$126)-MIN($AC$2:$AC$126)) -> 0.6258069 | AO51: =(AD51-MIN($AD$2:$AD$126))/(MAX($AD$2:$AD$126)-MIN($AD$2:$AD$126)) -> 0.071856287 | AP51: =1-(AE51-MIN($AE$2:$AE$126))/(MAX($AE$2:$AE$126)-MIN($AE$2:$AE$126)) -> 0.5417 | AQ51: =(V51-MIN($V$2:$V$126))/(MAX($V$2:$V$126)-MIN($V$2:$V$126)) -> 0.625 | AR51: =1-(Y51-MIN($Y$2:$Y$126))/(MAX($Y$2:$Y$126)-MIN($Y$2:$Y$126)) -> 0.96875 | AS51: =1-(AA51-MIN($AA$2:$AA$126))/(MAX($AA$2:$AA$126)-MIN($AA$2:$AA$126)) -> 0.78698225 | AT51: =(K51-MIN($K$2:$K$126))/(MAX($K$2:$K$126)-MIN($K$2:$K$126)) -> 0.48484848 | AU51: =(L51-MIN($L$2:$L$126))/(MAX($L$2:$L$126)-MIN($L$2:$L$126)) -> 0.027200656 | AV51: =(AI51*(Tablero!$B$5/100)+AJ51*(Tablero!$B$6/100))*(Tablero!$B$4/100) -> 0.068242759 | AW51: =(AK51*(Tablero!$B$8/100))*(Tablero!$B$7/100) -> 0.083536288 | AX51: =(AL51*(Tablero!$B$10/100)+AM51*(Tablero!$B$11/100)+AN51*(Tablero!$B$12/100)+AO51*(Tablero!$B$13/100)+AP51*(Tablero!$B$14/100))*(Tablero!$B$9/100) -> 0.12101344 | AY51: =(AQ51*(Tablero!$B$16/100)+AR51*(Tablero!$B$17/100)+AS51*(Tablero!$B$18/100))*(Tablero!$B$15/100) -> 0.20326831 | AZ51: =(AT51*(Tablero!$B$20/100)+AU51*(Tablero!$B$21/100))*(Tablero!$B$19/100) -> 0.012801229
B52: 14084 | C52: Talpa de Allende | D52: 15269 | E52: 95 | F52: 26 | G52: 17.3 | H52: 28.4 | I52: 72.6 | J52: 17 | K52: 0.18 | L52: 44 | M52: 2 | N52: 69.319886 | O52: 3.65 | P52: 19 | Q52: 73.210526 | R52: 45.26 | S52: 47.37 | T52: 50.53 | U52: 58.95 | V52: 190 | W52: 7 | X52: 7 | Y52: 0 | Z52: 0 | AA52: 45.8 | AB52: 19 | AC52: 15411.6 | AD52: 1.32 | AE52: 0 | AF52: 2.69 | AG52: =AV52+AW52+AX52+AY52+AZ52 -> 0.44720733 | AH52: ✓ datos directos | AI52: =(G52-MIN($G$2:$G$126))/(MAX($G$2:$G$126)-MIN($G$2:$G$126)) -> 0.25352113 | AJ52: =(N52-MIN($N$2:$N$126))/(MAX($N$2:$N$126)-MIN($N$2:$N$126)) -> 0.001462044 | AK52: =(O52-MIN($O$2:$O$126))/(MAX($O$2:$O$126)-MIN($O$2:$O$126)) -> 0.1777886 | AL52: =(S52-MIN($S$2:$S$126))/(MAX($S$2:$S$126)-MIN($S$2:$S$126)) -> 0.8575419 | AM52: =(T52-MIN($T$2:$T$126))/(MAX($T$2:$T$126)-MIN($T$2:$T$126)) -> 0.45081377 | AN52: =1-(AC52-MIN($AC$2:$AC$126))/(MAX($AC$2:$AC$126)-MIN($AC$2:$AC$126)) -> 1 | AO52: =(AD52-MIN($AD$2:$AD$126))/(MAX($AD$2:$AD$126)-MIN($AD$2:$AD$126)) -> 0.79041916 | AP52: =1-(AE52-MIN($AE$2:$AE$126))/(MAX($AE$2:$AE$126)-MIN($AE$2:$AE$126)) -> 1 | AQ52: =(V52-MIN($V$2:$V$126))/(MAX($V$2:$V$126)-MIN($V$2:$V$126)) -> 0.52777778 | AR52: =1-(Y52-MIN($Y$2:$Y$126))/(MAX($Y$2:$Y$126)-MIN($Y$2:$Y$126)) -> 1 | AS52: =1-(AA52-MIN($AA$2:$AA$126))/(MAX($AA$2:$AA$126)-MIN($AA$2:$AA$126)) -> 0.6728656 | AT52: =(K52-MIN($K$2:$K$126))/(MAX($K$2:$K$126)-MIN($K$2:$K$126)) -> 0.39393939 | AU52: =(L52-MIN($L$2:$L$126))/(MAX($L$2:$L$126)-MIN($L$2:$L$126)) -> 0.0051940951 | AV52: =(AI52*(Tablero!$B$5/100)+AJ52*(Tablero!$B$6/100))*(Tablero!$B$4/100) -> 0.038174373 | AW52: =(AK52*(Tablero!$B$8/100))*(Tablero!$B$7/100) -> 0.044447151 | AX52: =(AL52*(Tablero!$B$10/100)+AM52*(Tablero!$B$11/100)+AN52*(Tablero!$B$12/100)+AO52*(Tablero!$B$13/100)+AP52*(Tablero!$B$14/100))*(Tablero!$B$9/100) -> 0.16000805 | AY52: =(AQ52*(Tablero!$B$16/100)+AR52*(Tablero!$B$17/100)+AS52*(Tablero!$B$18/100))*(Tablero!$B$15/100) -> 0.19459942 | AZ52: =(AT52*(Tablero!$B$20/100)+AU52*(Tablero!$B$21/100))*(Tablero!$B$19/100) -> 0.0099783372
B53: 14067 | C53: Puerto Vallarta | D53: 308300 | E53: 2090 | F53: 435 | G53: 19.2 | H53: 24 | I53: 79.2 | J53: 412 | K53: 0.2 | L53: 1056 | M53: 7 | N53: 3703.1293 | O53: 9.77 | P53: 379 | Q53: 68.650239 | R53: 45.17 | S53: 26.27 | T53: 48.8 | U53: 42.68 | V53: 330 | W53: 59 | X53: 45 | Y53: 13 | Z53: 1 | AA53: 19.1 | AB53: 332 | AC53: 63368.41 | AD53: 0.19 | AE53: 67.17 | AF53: 2.17 | AG53: =AV53+AW53+AX53+AY53+AZ53 -> 0.48030998 | AH53: ✓ datos directos | AI53: =(G53-MIN($G$2:$G$126))/(MAX($G$2:$G$126)-MIN($G$2:$G$126)) -> 0.29812207 | AJ53: =(N53-MIN($N$2:$N$126))/(MAX($N$2:$N$126)-MIN($N$2:$N$126)) -> 0.078103678 | AK53: =(O53-MIN($O$2:$O$126))/(MAX($O$2:$O$126)-MIN($O$2:$O$126)) -> 0.47588894 | AL53: =(S53-MIN($S$2:$S$126))/(MAX($S$2:$S$126)-MIN($S$2:$S$126)) -> 0.36638734 | AM53: =(T53-MIN($T$2:$T$126))/(MAX($T$2:$T$126)-MIN($T$2:$T$126)) -> 0.42589659 | AN53: =1-(AC53-MIN($AC$2:$AC$126))/(MAX($AC$2:$AC$126)-MIN($AC$2:$AC$126)) -> 0.51163796 | AO53: =(AD53-MIN($AD$2:$AD$126))/(MAX($AD$2:$AD$126)-MIN($AD$2:$AD$126)) -> 0.11377246 | AP53: =1-(AE53-MIN($AE$2:$AE$126))/(MAX($AE$2:$AE$126)-MIN($AE$2:$AE$126)) -> 0.3283 | AQ53: =(V53-MIN($V$2:$V$126))/(MAX($V$2:$V$126)-MIN($V$2:$V$126)) -> 0.91666667 | AR53: =1-(Y53-MIN($Y$2:$Y$126))/(MAX($Y$2:$Y$126)-MIN($Y$2:$Y$126)) -> 0.86458333 | AS53: =1-(AA53-MIN($AA$2:$AA$126))/(MAX($AA$2:$AA$126)-MIN($AA$2:$AA$126)) -> 0.89856298 | AT53: =(K53-MIN($K$2:$K$126))/(MAX($K$2:$K$126)-MIN($K$2:$K$126)) -> 0.45454545 | AU53: =(L53-MIN($L$2:$L$126))/(MAX($L$2:$L$126)-MIN($L$2:$L$126)) -> 0.14352105 | AV53: =(AI53*(Tablero!$B$5/100)+AJ53*(Tablero!$B$6/100))*(Tablero!$B$4/100) -> 0.052528678 | AW53: =(AK53*(Tablero!$B$8/100))*(Tablero!$B$7/100) -> 0.11897224 | AX53: =(AL53*(Tablero!$B$10/100)+AM53*(Tablero!$B$11/100)+AN53*(Tablero!$B$12/100)+AO53*(Tablero!$B$13/100)+AP53*(Tablero!$B$14/100))*(Tablero!$B$9/100) -> 0.07165375 | AY53: =(AQ53*(Tablero!$B$16/100)+AR53*(Tablero!$B$17/100)+AS53*(Tablero!$B$18/100))*(Tablero!$B$15/100) -> 0.22220366 | AZ53: =(AT53*(Tablero!$B$20/100)+AU53*(Tablero!$B$21/100))*(Tablero!$B$19/100) -> 0.014951663
B54: 14059 | C54: Mazamitla | D54: 14629 | E54: 126 | F54: 24 | G54: 24.2 | H54: 27.6 | I54: 81 | J54: 31 | K54: 0.25 | L54: 48 | M54: 1 | N54: 87.983728 | O54: 6.28 | P54: 14 | Q54: 70.801587 | R54: 43.65 | S54: 40.48 | T54: 44.44 | U54: 55.56 | V54: 205 | W54: 4 | X54: 2 | Y54: 2 | Z54: 0 | AA54: 27.3 | AB54: 46 | AC54: 29649.68 | AD54: 0.91 | AE54: 13.04 | AF54: 3.45 | AG54: =AV54+AW54+AX54+AY54+AZ54 -> 0.48764502 | AH54: ✓ datos directos | AI54: =(G54-MIN($G$2:$G$126))/(MAX($G$2:$G$126)-MIN($G$2:$G$126)) -> 0.41549296 | AJ54: =(N54-MIN($N$2:$N$126))/(MAX($N$2:$N$126)-MIN($N$2:$N$126)) -> 0.001855688 | AK54: =(O54-MIN($O$2:$O$126))/(MAX($O$2:$O$126)-MIN($O$2:$O$126)) -> 0.30589381 | AL54: =(S54-MIN($S$2:$S$126))/(MAX($S$2:$S$126)-MIN($S$2:$S$126)) -> 0.69716015 | AM54: =(T54-MIN($T$2:$T$126))/(MAX($T$2:$T$126)-MIN($T$2:$T$126)) -> 0.36309952 | AN54: =1-(AC54-MIN($AC$2:$AC$126))/(MAX($AC$2:$AC$126)-MIN($AC$2:$AC$126)) -> 0.85500834 | AO54: =(AD54-MIN($AD$2:$AD$126))/(MAX($AD$2:$AD$126)-MIN($AD$2:$AD$126)) -> 0.54491018 | AP54: =1-(AE54-MIN($AE$2:$AE$126))/(MAX($AE$2:$AE$126)-MIN($AE$2:$AE$126)) -> 0.8696 | AQ54: =(V54-MIN($V$2:$V$126))/(MAX($V$2:$V$126)-MIN($V$2:$V$126)) -> 0.56944444 | AR54: =1-(Y54-MIN($Y$2:$Y$126))/(MAX($Y$2:$Y$126)-MIN($Y$2:$Y$126)) -> 0.97916667 | AS54: =1-(AA54-MIN($AA$2:$AA$126))/(MAX($AA$2:$AA$126)-MIN($AA$2:$AA$126)) -> 0.82924768 | AT54: =(K54-MIN($K$2:$K$126))/(MAX($K$2:$K$126)-MIN($K$2:$K$126)) -> 0.60606061 | AU54: =(L54-MIN($L$2:$L$126))/(MAX($L$2:$L$126)-MIN($L$2:$L$126)) -> 0.005740842 | AV54: =(AI54*(Tablero!$B$5/100)+AJ54*(Tablero!$B$6/100))*(Tablero!$B$4/100) -> 0.062509512 | AW54: =(AK54*(Tablero!$B$8/100))*(Tablero!$B$7/100) -> 0.076473453 | AX54: =(AL54*(Tablero!$B$10/100)+AM54*(Tablero!$B$11/100)+AN54*(Tablero!$B$12/100)+AO54*(Tablero!$B$13/100)+AP54*(Tablero!$B$14/100))*(Tablero!$B$9/100) -> 0.13329554 | AY54: =(AQ54*(Tablero!$B$16/100)+AR54*(Tablero!$B$17/100)+AS54*(Tablero!$B$18/100))*(Tablero!$B$15/100) -> 0.20007147 | AZ54: =(AT54*(Tablero!$B$20/100)+AU54*(Tablero!$B$21/100))*(Tablero!$B$19/100) -> 0.015295036
B55: 14117 | C55: Cañadas de Obregón | D55: 4668 | E55: 34 | F55: 9 | G55: 20.7 | H55: 32.9 | I55: 73.5 | J55: 7 | K55: 0.21 | L55: 18 | M55: 0 | N55: 23.299012 | O55: 5.82 | P55: 4 | Q55: 76.5 | R55: 52.94 | S55: 35.29 | T55: 55.88 | U55: 58.82 | V55: 200 | W55: 2 | X55: 2 | Y55: 0 | Z55: 0 | AA55: 42.8 | AC55: 52157.1 | AD55: 0.12 | AE55: 45.83 | AF55: 3.02 | AG55: =AV55+AW55+AX55+AY55+AZ55 -> 0.43158288 | AH55: ~ estimación estatal | AI55: =(G55-MIN($G$2:$G$126))/(MAX($G$2:$G$126)-MIN($G$2:$G$126)) -> 0.33333333 | AJ55: =(N55-MIN($N$2:$N$126))/(MAX($N$2:$N$126)-MIN($N$2:$N$126)) -> 0.00049140562 | AK55: =(O55-MIN($O$2:$O$126))/(MAX($O$2:$O$126)-MIN($O$2:$O$126)) -> 0.28348758 | AL55: =(S55-MIN($S$2:$S$126))/(MAX($S$2:$S$126)-MIN($S$2:$S$126)) -> 0.57635009 | AM55: =(T55-MIN($T$2:$T$126))/(MAX($T$2:$T$126)-MIN($T$2:$T$126)) -> 0.5278698 | AN55: =1-(AC55-MIN($AC$2:$AC$126))/(MAX($AC$2:$AC$126)-MIN($AC$2:$AC$126)) -> 0.6258069 | AO55: =(AD55-MIN($AD$2:$AD$126))/(MAX($AD$2:$AD$126)-MIN($AD$2:$AD$126)) -> 0.071856287 | AP55: =1-(AE55-MIN($AE$2:$AE$126))/(MAX($AE$2:$AE$126)-MIN($AE$2:$AE$126)) -> 0.5417 | AQ55: =(V55-MIN($V$2:$V$126))/(MAX($V$2:$V$126)-MIN($V$2:$V$126)) -> 0.55555556 | AR55: =1-(Y55-MIN($Y$2:$Y$126))/(MAX($Y$2:$Y$126)-MIN($Y$2:$Y$126)) -> 1 | AS55: =1-(AA55-MIN($AA$2:$AA$126))/(MAX($AA$2:$AA$126)-MIN($AA$2:$AA$126)) -> 0.69822485 | AT55: =(K55-MIN($K$2:$K$126))/(MAX($K$2:$K$126)-MIN($K$2:$K$126)) -> 0.48484848 | AU55: =(L55-MIN($L$2:$L$126))/(MAX($L$2:$L$126)-MIN($L$2:$L$126)) -> 0.0016402406 | AV55: =(AI55*(Tablero!$B$5/100)+AJ55*(Tablero!$B$6/100))*(Tablero!$B$4/100) -> 0.050049141 | AW55: =(AK55*(Tablero!$B$8/100))*(Tablero!$B$7/100) -> 0.070871895 | AX55: =(AL55*(Tablero!$B$10/100)+AM55*(Tablero!$B$11/100)+AN55*(Tablero!$B$12/100)+AO55*(Tablero!$B$13/100)+AP55*(Tablero!$B$14/100))*(Tablero!$B$9/100) -> 0.10048845 | AY55: =(AQ55*(Tablero!$B$16/100)+AR55*(Tablero!$B$17/100)+AS55*(Tablero!$B$18/100))*(Tablero!$B$15/100) -> 0.19801118 | AZ55: =(AT55*(Tablero!$B$20/100)+AU55*(Tablero!$B$21/100))*(Tablero!$B$19/100) -> 0.012162218
B56: 14064 | C56: Ojuelos de Jalisco | D56: 35279 | E56: 251 | F56: 117 | G56: 20.1 | H56: 56.1 | I56: 53.4 | J56: 51 | K56: 0.2 | L56: 151 | M56: 3 | N56: 745.45666 | O56: 9.94 | P56: 75 | Q56: 71.075697 | R56: 56.97 | S56: 31.08 | T56: 60.56 | U56: 63.35 | V56: 285 | W56: 13 | X56: 12 | Y56: 1 | Z56: 0 | AA56: 36.8 | AB56: 47 | AC56: 46409.48 | AD56: 0.06 | AE56: 44.68 | AF56: 4.67 | AG56: =AV56+AW56+AX56+AY56+AZ56 -> 0.50789415 | AH56: ✓ datos directos | AI56: =(G56-MIN($G$2:$G$126))/(MAX($G$2:$G$126)-MIN($G$2:$G$126)) -> 0.31924883 | AJ56: =(N56-MIN($N$2:$N$126))/(MAX($N$2:$N$126)-MIN($N$2:$N$126)) -> 0.015722623 | AK56: =(O56-MIN($O$2:$O$126))/(MAX($O$2:$O$126)-MIN($O$2:$O$126)) -> 0.48416951 | AL56: =(S56-MIN($S$2:$S$126))/(MAX($S$2:$S$126)-MIN($S$2:$S$126)) -> 0.47835196 | AM56: =(T56-MIN($T$2:$T$126))/(MAX($T$2:$T$126)-MIN($T$2:$T$126)) -> 0.59527582 | AN56: =1-(AC56-MIN($AC$2:$AC$126))/(MAX($AC$2:$AC$126)-MIN($AC$2:$AC$126)) -> 0.68433706 | AO56: =(AD56-MIN($AD$2:$AD$126))/(MAX($AD$2:$AD$126)-MIN($AD$2:$AD$126)) -> 0.035928144 | AP56: =1-(AE56-MIN($AE$2:$AE$126))/(MAX($AE$2:$AE$126)-MIN($AE$2:$AE$126)) -> 0.5532 | AQ56: =(V56-MIN($V$2:$V$126))/(MAX($V$2:$V$126)-MIN($V$2:$V$126)) -> 0.79166667 | AR56: =1-(Y56-MIN($Y$2:$Y$126))/(MAX($Y$2:$Y$126)-MIN($Y$2:$Y$126)) -> 0.98958333 | AS56: =1-(AA56-MIN($AA$2:$AA$126))/(MAX($AA$2:$AA$126)-MIN($AA$2:$AA$126)) -> 0.74894336 | AT56: =(K56-MIN($K$2:$K$126))/(MAX($K$2:$K$126)-MIN($K$2:$K$126)) -> 0.45454545 | AU56: =(L56-MIN($L$2:$L$126))/(MAX($L$2:$L$126)-MIN($L$2:$L$126)) -> 0.019819574 | AV56: =(AI56*(Tablero!$B$5/100)+AJ56*(Tablero!$B$6/100))*(Tablero!$B$4/100) -> 0.049459586 | AW56: =(AK56*(Tablero!$B$8/100))*(Tablero!$B$7/100) -> 0.12104238 | AX56: =(AL56*(Tablero!$B$10/100)+AM56*(Tablero!$B$11/100)+AN56*(Tablero!$B$12/100)+AO56*(Tablero!$B$13/100)+AP56*(Tablero!$B$14/100))*(Tablero!$B$9/100) -> 0.10394489 | AY56: =(AQ56*(Tablero!$B$16/100)+AR56*(Tablero!$B$17/100)+AS56*(Tablero!$B$18/100))*(Tablero!$B$15/100) -> 0.22158817 | AZ56: =(AT56*(Tablero!$B$20/100)+AU56*(Tablero!$B$21/100))*(Tablero!$B$19/100) -> 0.011859126
B57: 14015 | C57: Autlán de Navarro | D57: 69328 | E57: 673 | F57: 210 | G57: 27.6 | H57: 51.7 | I57: 68.8 | J57: 170 | K57: 0.25 | L57: 310 | M57: 3 | N57: 2691.8404 | O57: 8.21 | P57: 328 | Q57: 72.160475 | R57: 47.99 | S57: 37.74 | T57: 31.8 | U57: 31.2 | V57: 220 | W57: 22 | X57: 17 | Y57: 5 | Z57: 0 | AA57: 31.7 | AB57: 121 | AC57: 57659.05 | AD57: 0.16 | AE57: 62.81 | AF57: 2.04 | AG57: =AV57+AW57+AX57+AY57+AZ57 -> 0.46213531 | AH57: ✓ datos directos | AI57: =(G57-MIN($G$2:$G$126))/(MAX($G$2:$G$126)-MIN($G$2:$G$126)) -> 0.49530516 | AJ57: =(N57-MIN($N$2:$N$126))/(MAX($N$2:$N$126)-MIN($N$2:$N$126)) -> 0.056774317 | AK57: =(O57-MIN($O$2:$O$126))/(MAX($O$2:$O$126)-MIN($O$2:$O$126)) -> 0.39990258 | AL57: =(S57-MIN($S$2:$S$126))/(MAX($S$2:$S$126)-MIN($S$2:$S$126)) -> 0.63337989 | AM57: =(T57-MIN($T$2:$T$126))/(MAX($T$2:$T$126)-MIN($T$2:$T$126)) -> 0.18104566 | AN57: =1-(AC57-MIN($AC$2:$AC$126))/(MAX($AC$2:$AC$126)-MIN($AC$2:$AC$126)) -> 0.5697785 | AO57: =(AD57-MIN($AD$2:$AD$126))/(MAX($AD$2:$AD$126)-MIN($AD$2:$AD$126)) -> 0.095808383 | AP57: =1-(AE57-MIN($AE$2:$AE$126))/(MAX($AE$2:$AE$126)-MIN($AE$2:$AE$126)) -> 0.3719 | AQ57: =(V57-MIN($V$2:$V$126))/(MAX($V$2:$V$126)-MIN($V$2:$V$126)) -> 0.61111111 | AR57: =1-(Y57-MIN($Y$2:$Y$126))/(MAX($Y$2:$Y$126)-MIN($Y$2:$Y$126)) -> 0.94791667 | AS57: =1-(AA57-MIN($AA$2:$AA$126))/(MAX($AA$2:$AA$126)-MIN($AA$2:$AA$126)) -> 0.7920541 | AT57: =(K57-MIN($K$2:$K$126))/(MAX($K$2:$K$126)-MIN($K$2:$K$126)) -> 0.60606061 | AU57: =(L57-MIN($L$2:$L$126))/(MAX($L$2:$L$126)-MIN($L$2:$L$126)) -> 0.041552761 | AV57: =(AI57*(Tablero!$B$5/100)+AJ57*(Tablero!$B$6/100))*(Tablero!$B$4/100) -> 0.079973206 | AW57: =(AK57*(Tablero!$B$8/100))*(Tablero!$B$7/100) -> 0.099975645 | AX57: =(AL57*(Tablero!$B$10/100)+AM57*(Tablero!$B$11/100)+AN57*(Tablero!$B$12/100)+AO57*(Tablero!$B$13/100)+AP57*(Tablero!$B$14/100))*(Tablero!$B$9/100) -> 0.066594075 | AY57: =(AQ57*(Tablero!$B$16/100)+AR57*(Tablero!$B$17/100)+AS57*(Tablero!$B$18/100))*(Tablero!$B$15/100) -> 0.19940205 | AZ57: =(AT57*(Tablero!$B$20/100)+AU57*(Tablero!$B$21/100))*(Tablero!$B$19/100) -> 0.016190334
B58: 14043 | C58: La Huerta | D58: 23634 | E58: 226 | F58: 71 | G58: 26.4 | H58: 49.8 | I58: 68.6 | J58: 47 | K58: 0.21 | L58: 103 | M58: 3 | N58: 195.80393 | O58: 6.12 | P58: 32 | Q58: 71.283186 | R58: 44.69 | S58: 30.09 | T58: 47.79 | U58: 43.36 | V58: 290 | W58: 14 | X58: 13 | Y58: 1 | Z58: 0 | AA58: 59.2 | AB58: 23 | AC58: 36288.79 | AD58: 0.13 | AE58: 30.43 | AF58: 3.72 | AG58: =AV58+AW58+AX58+AY58+AZ58 -> 0.48245249 | AH58: ✓ datos directos | AI58: =(G58-MIN($G$2:$G$126))/(MAX($G$2:$G$126)-MIN($G$2:$G$126)) -> 0.46713615 | AJ58: =(N58-MIN($N$2:$N$126))/(MAX($N$2:$N$126)-MIN($N$2:$N$126)) -> 0.0041297523 | AK58: =(O58-MIN($O$2:$O$126))/(MAX($O$2:$O$126)-MIN($O$2:$O$126)) -> 0.29810034 | AL58: =(S58-MIN($S$2:$S$126))/(MAX($S$2:$S$126)-MIN($S$2:$S$126)) -> 0.45530726 | AM58: =(T58-MIN($T$2:$T$126))/(MAX($T$2:$T$126)-MIN($T$2:$T$126)) -> 0.41134956 | AN58: =1-(AC58-MIN($AC$2:$AC$126))/(MAX($AC$2:$AC$126)-MIN($AC$2:$AC$126)) -> 0.78739981 | AO58: =(AD58-MIN($AD$2:$AD$126))/(MAX($AD$2:$AD$126)-MIN($AD$2:$AD$126)) -> 0.077844311 | AP58: =1-(AE58-MIN($AE$2:$AE$126))/(MAX($AE$2:$AE$126)-MIN($AE$2:$AE$126)) -> 0.6957 | AQ58: =(V58-MIN($V$2:$V$126))/(MAX($V$2:$V$126)-MIN($V$2:$V$126)) -> 0.80555556 | AR58: =1-(Y58-MIN($Y$2:$Y$126))/(MAX($Y$2:$Y$126)-MIN($Y$2:$Y$126)) -> 0.98958333 | AS58: =1-(AA58-MIN($AA$2:$AA$126))/(MAX($AA$2:$AA$126)-MIN($AA$2:$AA$126)) -> 0.55959425 | AT58: =(K58-MIN($K$2:$K$126))/(MAX($K$2:$K$126)-MIN($K$2:$K$126)) -> 0.48484848 | AU58: =(L58-MIN($L$2:$L$126))/(MAX($L$2:$L$126)-MIN($L$2:$L$126)) -> 0.013258611 | AV58: =(AI58*(Tablero!$B$5/100)+AJ58*(Tablero!$B$6/100))*(Tablero!$B$4/100) -> 0.070483398 | AW58: =(AK58*(Tablero!$B$8/100))*(Tablero!$B$7/100) -> 0.074525085 | AX58: =(AL58*(Tablero!$B$10/100)+AM58*(Tablero!$B$11/100)+AN58*(Tablero!$B$12/100)+AO58*(Tablero!$B$13/100)+AP58*(Tablero!$B$14/100))*(Tablero!$B$9/100) -> 0.106748 | AY58: =(AQ58*(Tablero!$B$16/100)+AR58*(Tablero!$B$17/100)+AS58*(Tablero!$B$18/100))*(Tablero!$B$15/100) -> 0.21824333 | AZ58: =(AT58*(Tablero!$B$20/100)+AU58*(Tablero!$B$21/100))*(Tablero!$B$19/100) -> 0.012452677
B59: 14005 | C59: Amatitán | D59: 17641 | E59: 156 | F59: 55 | G59: 25.2 | H59: 53.3 | I59: 64.7 | J59: 41 | K59: 0.26 | L59: 67 | M59: 0 | N59: 158.44948 | O59: 5.11 | P59: 31 | Q59: 70.391026 | R59: 50 | S59: 31.41 | T59: 50 | U59: 54.49 | V59: 160 | W59: 5 | X59: 5 | Y59: 0 | Z59: 0 | AA59: 28.3 | AB59: 66 | AC59: 65037.37 | AD59: 0.09 | AE59: 48.48 | AF59: 3.5 | AG59: =AV59+AW59+AX59+AY59+AZ59 -> 0.42298529 | AH59: ✓ datos directos | AI59: =(G59-MIN($G$2:$G$126))/(MAX($G$2:$G$126)-MIN($G$2:$G$126)) -> 0.43896714 | AJ59: =(N59-MIN($N$2:$N$126))/(MAX($N$2:$N$126)-MIN($N$2:$N$126)) -> 0.0033418997 | AK59: =(O59-MIN($O$2:$O$126))/(MAX($O$2:$O$126)-MIN($O$2:$O$126)) -> 0.24890404 | AL59: =(S59-MIN($S$2:$S$126))/(MAX($S$2:$S$126)-MIN($S$2:$S$126)) -> 0.48603352 | AM59: =(T59-MIN($T$2:$T$126))/(MAX($T$2:$T$126)-MIN($T$2:$T$126)) -> 0.44318018 | AN59: =1-(AC59-MIN($AC$2:$AC$126))/(MAX($AC$2:$AC$126)-MIN($AC$2:$AC$126)) -> 0.49464232 | AO59: =(AD59-MIN($AD$2:$AD$126))/(MAX($AD$2:$AD$126)-MIN($AD$2:$AD$126)) -> 0.053892216 | AP59: =1-(AE59-MIN($AE$2:$AE$126))/(MAX($AE$2:$AE$126)-MIN($AE$2:$AE$126)) -> 0.5152 | AQ59: =(V59-MIN($V$2:$V$126))/(MAX($V$2:$V$126)-MIN($V$2:$V$126)) -> 0.44444444 | AR59: =1-(Y59-MIN($Y$2:$Y$126))/(MAX($Y$2:$Y$126)-MIN($Y$2:$Y$126)) -> 1 | AS59: =1-(AA59-MIN($AA$2:$AA$126))/(MAX($AA$2:$AA$126)-MIN($AA$2:$AA$126)) -> 0.82079459 | AT59: =(K59-MIN($K$2:$K$126))/(MAX($K$2:$K$126)-MIN($K$2:$K$126)) -> 0.63636364 | AU59: =(L59-MIN($L$2:$L$126))/(MAX($L$2:$L$126)-MIN($L$2:$L$126)) -> 0.0083378896 | AV59: =(AI59*(Tablero!$B$5/100)+AJ59*(Tablero!$B$6/100))*(Tablero!$B$4/100) -> 0.06617926 | AW59: =(AK59*(Tablero!$B$8/100))*(Tablero!$B$7/100) -> 0.062226011 | AX59: =(AL59*(Tablero!$B$10/100)+AM59*(Tablero!$B$11/100)+AN59*(Tablero!$B$12/100)+AO59*(Tablero!$B$13/100)+AP59*(Tablero!$B$14/100))*(Tablero!$B$9/100) -> 0.088498172 | AY59: =(AQ59*(Tablero!$B$16/100)+AR59*(Tablero!$B$17/100)+AS59*(Tablero!$B$18/100))*(Tablero!$B$15/100) -> 0.18996431 | AZ59: =(AT59*(Tablero!$B$20/100)+AU59*(Tablero!$B$21/100))*(Tablero!$B$19/100) -> 0.016117538
B60: 14055 | C60: Magdalena | D60: 21995 | E60: 147 | F60: 41 | G60: 18.4 | H60: 30.9 | I60: 72.1 | J60: 27 | K60: 0.18 | L60: 66 | M60: 0 | N60: 626.14587 | O60: 10.1 | P60: 62 | Q60: 71.319728 | R60: 44.22 | S60: 42.86 | T60: 46.94 | U60: 51.02 | V60: 105 | W60: 6 | X60: 4 | Y60: 2 | Z60: 0 | AA60: 27.3 | AB60: 45 | AC60: 35534.46 | AD60: 0.11 | AE60: 6.67 | AF60: 2.75 | AG60: =AV60+AW60+AX60+AY60+AZ60 -> 0.47944061 | AH60: ✓ datos directos | AI60: =(G60-MIN($G$2:$G$126))/(MAX($G$2:$G$126)-MIN($G$2:$G$126)) -> 0.27934272 | AJ60: =(N60-MIN($N$2:$N$126))/(MAX($N$2:$N$126)-MIN($N$2:$N$126)) -> 0.013206208 | AK60: =(O60-MIN($O$2:$O$126))/(MAX($O$2:$O$126)-MIN($O$2:$O$126)) -> 0.49196298 | AL60: =(S60-MIN($S$2:$S$126))/(MAX($S$2:$S$126)-MIN($S$2:$S$126)) -> 0.75256052 | AM60: =(T60-MIN($T$2:$T$126))/(MAX($T$2:$T$126)-MIN($T$2:$T$126)) -> 0.39910701 | AN60: =1-(AC60-MIN($AC$2:$AC$126))/(MAX($AC$2:$AC$126)-MIN($AC$2:$AC$126)) -> 0.79508143 | AO60: =(AD60-MIN($AD$2:$AD$126))/(MAX($AD$2:$AD$126)-MIN($AD$2:$AD$126)) -> 0.065868263 | AP60: =1-(AE60-MIN($AE$2:$AE$126))/(MAX($AE$2:$AE$126)-MIN($AE$2:$AE$126)) -> 0.9333 | AQ60: =(V60-MIN($V$2:$V$126))/(MAX($V$2:$V$126)-MIN($V$2:$V$126)) -> 0.29166667 | AR60: =1-(Y60-MIN($Y$2:$Y$126))/(MAX($Y$2:$Y$126)-MIN($Y$2:$Y$126)) -> 0.97916667 | AS60: =1-(AA60-MIN($AA$2:$AA$126))/(MAX($AA$2:$AA$126)-MIN($AA$2:$AA$126)) -> 0.82924768 | AT60: =(K60-MIN($K$2:$K$126))/(MAX($K$2:$K$126)-MIN($K$2:$K$126)) -> 0.39393939 | AU60: =(L60-MIN($L$2:$L$126))/(MAX($L$2:$L$126)-MIN($L$2:$L$126)) -> 0.0082012028 | AV60: =(AI60*(Tablero!$B$5/100)+AJ60*(Tablero!$B$6/100))*(Tablero!$B$4/100) -> 0.043222029 | AW60: =(AK60*(Tablero!$B$8/100))*(Tablero!$B$7/100) -> 0.12299075 | AX60: =(AL60*(Tablero!$B$10/100)+AM60*(Tablero!$B$11/100)+AN60*(Tablero!$B$12/100)+AO60*(Tablero!$B$13/100)+AP60*(Tablero!$B$14/100))*(Tablero!$B$9/100) -> 0.13088063 | AY60: =(AQ60*(Tablero!$B$16/100)+AR60*(Tablero!$B$17/100)+AS60*(Tablero!$B$18/100))*(Tablero!$B$15/100) -> 0.17229369 | AZ60: =(AT60*(Tablero!$B$20/100)+AU60*(Tablero!$B$21/100))*(Tablero!$B$19/100) -> 0.010053515
B61: 14072 | C61: San Diego de Alejandría | D61: 8023 | E61: 66 | F61: 33 | G61: 23.2 | H61: 69.7 | I61: 50 | J61: 9 | K61: 0.14 | L61: 36 | M61: 0 | N61: 128.56212 | O61: 5.84 | P61: 22 | Q61: 72.227273 | R61: 57.58 | S61: 34.85 | T61: 68.18 | U61: 69.7 | V61: 190 | W61: 1 | X61: 1 | Y61: 0 | Z61: 0 | AA61: 12.5 | AB61: 14 | AC61: 95773.66 | AD61: 0 | AE61: 64.29 | AF61: 2.48 | AG61: =AV61+AW61+AX61+AY61+AZ61 -> 0.42457134 | AH61: ✓ datos directos | AI61: =(G61-MIN($G$2:$G$126))/(MAX($G$2:$G$126)-MIN($G$2:$G$126)) -> 0.39201878 | AJ61: =(N61-MIN($N$2:$N$126))/(MAX($N$2:$N$126)-MIN($N$2:$N$126)) -> 0.0027115377 | AK61: =(O61-MIN($O$2:$O$126))/(MAX($O$2:$O$126)-MIN($O$2:$O$126)) -> 0.28446176 | AL61: =(S61-MIN($S$2:$S$126))/(MAX($S$2:$S$126)-MIN($S$2:$S$126)) -> 0.56610801 | AM61: =(T61-MIN($T$2:$T$126))/(MAX($T$2:$T$126)-MIN($T$2:$T$126)) -> 0.70502665 | AN61: =1-(AC61-MIN($AC$2:$AC$126))/(MAX($AC$2:$AC$126)-MIN($AC$2:$AC$126)) -> 0.18164325 | AO61: =(AD61-MIN($AD$2:$AD$126))/(MAX($AD$2:$AD$126)-MIN($AD$2:$AD$126)) -> 0 | AP61: =1-(AE61-MIN($AE$2:$AE$126))/(MAX($AE$2:$AE$126)-MIN($AE$2:$AE$126)) -> 0.3571 | AQ61: =(V61-MIN($V$2:$V$126))/(MAX($V$2:$V$126)-MIN($V$2:$V$126)) -> 0.52777778 | AR61: =1-(Y61-MIN($Y$2:$Y$126))/(MAX($Y$2:$Y$126)-MIN($Y$2:$Y$126)) -> 1 | AS61: =1-(AA61-MIN($AA$2:$AA$126))/(MAX($AA$2:$AA$126)-MIN($AA$2:$AA$126)) -> 0.95435334 | AT61: =(K61-MIN($K$2:$K$126))/(MAX($K$2:$K$126)-MIN($K$2:$K$126)) -> 0.27272727 | AU61: =(L61-MIN($L$2:$L$126))/(MAX($L$2:$L$126)-MIN($L$2:$L$126)) -> 0.0041006014 | AV61: =(AI61*(Tablero!$B$5/100)+AJ61*(Tablero!$B$6/100))*(Tablero!$B$4/100) -> 0.059073971 | AW61: =(AK61*(Tablero!$B$8/100))*(Tablero!$B$7/100) -> 0.071115441 | AX61: =(AL61*(Tablero!$B$10/100)+AM61*(Tablero!$B$11/100)+AN61*(Tablero!$B$12/100)+AO61*(Tablero!$B$13/100)+AP61*(Tablero!$B$14/100))*(Tablero!$B$9/100) -> 0.085824624 | AY61: =(AQ61*(Tablero!$B$16/100)+AR61*(Tablero!$B$17/100)+AS61*(Tablero!$B$18/100))*(Tablero!$B$15/100) -> 0.20163661 | AZ61: =(AT61*(Tablero!$B$20/100)+AU61*(Tablero!$B$21/100))*(Tablero!$B$19/100) -> 0.0069206969
B62: 14042 | C62: Huejuquilla El Alto | D62: 11265 | E62: 69 | F62: 30 | G62: 17.9 | H62: 46.7 | I62: 56.5 | J62: 6 | K62: 0.09 | L62: 31 | M62: 1 | N62: 175.41184 | O62: 7.63 | P62: 23 | Q62: 75.028986 | R62: 55.07 | S62: 47.83 | T62: 75.36 | U62: 71.01 | V62: 340 | W62: 7 | X62: 6 | Y62: 1 | Z62: 0 | AA62: 62.1 | AC62: 52157.1 | AD62: 0.12 | AE62: 45.83 | AF62: 3.02 | AG62: =AV62+AW62+AX62+AY62+AZ62 -> 0.49121939 | AH62: ~ estimación estatal | AI62: =(G62-MIN($G$2:$G$126))/(MAX($G$2:$G$126)-MIN($G$2:$G$126)) -> 0.26760563 | AJ62: =(N62-MIN($N$2:$N$126))/(MAX($N$2:$N$126)-MIN($N$2:$N$126)) -> 0.0036996575 | AK62: =(O62-MIN($O$2:$O$126))/(MAX($O$2:$O$126)-MIN($O$2:$O$126)) -> 0.37165124 | AL62: =(S62-MIN($S$2:$S$126))/(MAX($S$2:$S$126)-MIN($S$2:$S$126)) -> 0.86824953 | AM62: =(T62-MIN($T$2:$T$126))/(MAX($T$2:$T$126)-MIN($T$2:$T$126)) -> 0.80844016 | AN62: =1-(AC62-MIN($AC$2:$AC$126))/(MAX($AC$2:$AC$126)-MIN($AC$2:$AC$126)) -> 0.6258069 | AO62: =(AD62-MIN($AD$2:$AD$126))/(MAX($AD$2:$AD$126)-MIN($AD$2:$AD$126)) -> 0.071856287 | AP62: =1-(AE62-MIN($AE$2:$AE$126))/(MAX($AE$2:$AE$126)-MIN($AE$2:$AE$126)) -> 0.5417 | AQ62: =(V62-MIN($V$2:$V$126))/(MAX($V$2:$V$126)-MIN($V$2:$V$126)) -> 0.94444444 | AR62: =1-(Y62-MIN($Y$2:$Y$126))/(MAX($Y$2:$Y$126)-MIN($Y$2:$Y$126)) -> 0.98958333 | AS62: =1-(AA62-MIN($AA$2:$AA$126))/(MAX($AA$2:$AA$126)-MIN($AA$2:$AA$126)) -> 0.5350803 | AT62: =(K62-MIN($K$2:$K$126))/(MAX($K$2:$K$126)-MIN($K$2:$K$126)) -> 0.12121212 | AU62: =(L62-MIN($L$2:$L$126))/(MAX($L$2:$L$126)-MIN($L$2:$L$126)) -> 0.0034171679 | AV62: =(AI62*(Tablero!$B$5/100)+AJ62*(Tablero!$B$6/100))*(Tablero!$B$4/100) -> 0.040510811 | AW62: =(AK62*(Tablero!$B$8/100))*(Tablero!$B$7/100) -> 0.092912811 | AX62: =(AL62*(Tablero!$B$10/100)+AM62*(Tablero!$B$11/100)+AN62*(Tablero!$B$12/100)+AO62*(Tablero!$B$13/100)+AP62*(Tablero!$B$14/100))*(Tablero!$B$9/100) -> 0.12316066 | AY62: =(AQ62*(Tablero!$B$16/100)+AR62*(Tablero!$B$17/100)+AS62*(Tablero!$B$18/100))*(Tablero!$B$15/100) -> 0.23151937 | AZ62: =(AT62*(Tablero!$B$20/100)+AU62*(Tablero!$B$21/100))*(Tablero!$B$19/100) -> 0.0031157322
B63: 14032 | C63: Chiquilistlán | D63: 6063 | E63: 50 | F63: 26 | G63: 22.8 | H63: 71.2 | I63: 48 | J63: 10 | K63: 0.2 | L63: 16 | M63: 0 | N63: 94.957365 | O63: 5.59 | P63: 17 | Q63: 70.38 | R63: 56 | S63: 42 | T63: 68 | U63: 58 | V63: 145 | W63: 2 | X63: 2 | Y63: 0 | Z63: 0 | AA63: 33 | AB63: 23 | AC63: 94601.75 | AD63: 0.04 | AE63: 52.17 | AF63: 1.47 | AG63: =AV63+AW63+AX63+AY63+AZ63 -> 0.42127944 | AH63: ✓ datos directos | AI63: =(G63-MIN($G$2:$G$126))/(MAX($G$2:$G$126)-MIN($G$2:$G$126)) -> 0.38262911 | AJ63: =(N63-MIN($N$2:$N$126))/(MAX($N$2:$N$126)-MIN($N$2:$N$126)) -> 0.0020027709 | AK63: =(O63-MIN($O$2:$O$126))/(MAX($O$2:$O$126)-MIN($O$2:$O$126)) -> 0.27228446 | AL63: =(S63-MIN($S$2:$S$126))/(MAX($S$2:$S$126)-MIN($S$2:$S$126)) -> 0.7325419 | AM63: =(T63-MIN($T$2:$T$126))/(MAX($T$2:$T$126)-MIN($T$2:$T$126)) -> 0.70243411 | AN63: =1-(AC63-MIN($AC$2:$AC$126))/(MAX($AC$2:$AC$126)-MIN($AC$2:$AC$126)) -> 0.19357725 | AO63: =(AD63-MIN($AD$2:$AD$126))/(MAX($AD$2:$AD$126)-MIN($AD$2:$AD$126)) -> 0.023952096 | AP63: =1-(AE63-MIN($AE$2:$AE$126))/(MAX($AE$2:$AE$126)-MIN($AE$2:$AE$126)) -> 0.4783 | AQ63: =(V63-MIN($V$2:$V$126))/(MAX($V$2:$V$126)-MIN($V$2:$V$126)) -> 0.40277778 | AR63: =1-(Y63-MIN($Y$2:$Y$126))/(MAX($Y$2:$Y$126)-MIN($Y$2:$Y$126)) -> 1 | AS63: =1-(AA63-MIN($AA$2:$AA$126))/(MAX($AA$2:$AA$126)-MIN($AA$2:$AA$126)) -> 0.78106509 | AT63: =(K63-MIN($K$2:$K$126))/(MAX($K$2:$K$126)-MIN($K$2:$K$126)) -> 0.45454545 | AU63: =(L63-MIN($L$2:$L$126))/(MAX($L$2:$L$126)-MIN($L$2:$L$126)) -> 0.0013668671 | AV63: =(AI63*(Tablero!$B$5/100)+AJ63*(Tablero!$B$6/100))*(Tablero!$B$4/100) -> 0.057594643 | AW63: =(AK63*(Tablero!$B$8/100))*(Tablero!$B$7/100) -> 0.068071115 | AX63: =(AL63*(Tablero!$B$10/100)+AM63*(Tablero!$B$11/100)+AN63*(Tablero!$B$12/100)+AO63*(Tablero!$B$13/100)+AP63*(Tablero!$B$14/100))*(Tablero!$B$9/100) -> 0.099411471 | AY63: =(AQ63*(Tablero!$B$16/100)+AR63*(Tablero!$B$17/100)+AS63*(Tablero!$B$18/100))*(Tablero!$B$15/100) -> 0.1848044 | AZ63: =(AT63*(Tablero!$B$20/100)+AU63*(Tablero!$B$21/100))*(Tablero!$B$19/100) -> 0.011397808
B64: 14111 | C64: Valle de Guadalupe | D64: 6745 | E64: 44 | F64: 13 | G64: 18.1 | H64: 32 | I64: 70.5 | J64: 6 | K64: 0.14 | L64: 17 | M64: 0 | N64: 52.728607 | O64: 5.27 | P64: 10 | Q64: 74.477273 | R64: 29.55 | S64: 38.64 | T64: 61.36 | U64: 72.73 | V64: 175 | W64: 2 | X64: 2 | Y64: 0 | Z64: 0 | AA64: 29.7 | AC64: 52157.1 | AD64: 0.12 | AE64: 45.83 | AF64: 3.02 | AG64: =AV64+AW64+AX64+AY64+AZ64 -> 0.4126053 | AH64: ~ estimación estatal | AI64: =(G64-MIN($G$2:$G$126))/(MAX($G$2:$G$126)-MIN($G$2:$G$126)) -> 0.27230047 | AJ64: =(N64-MIN($N$2:$N$126))/(MAX($N$2:$N$126)-MIN($N$2:$N$126)) -> 0.001112113 | AK64: =(O64-MIN($O$2:$O$126))/(MAX($O$2:$O$126)-MIN($O$2:$O$126)) -> 0.25669752 | AL64: =(S64-MIN($S$2:$S$126))/(MAX($S$2:$S$126)-MIN($S$2:$S$126)) -> 0.65432961 | AM64: =(T64-MIN($T$2:$T$126))/(MAX($T$2:$T$126)-MIN($T$2:$T$126)) -> 0.60679821 | AN64: =1-(AC64-MIN($AC$2:$AC$126))/(MAX($AC$2:$AC$126)-MIN($AC$2:$AC$126)) -> 0.6258069 | AO64: =(AD64-MIN($AD$2:$AD$126))/(MAX($AD$2:$AD$126)-MIN($AD$2:$AD$126)) -> 0.071856287 | AP64: =1-(AE64-MIN($AE$2:$AE$126))/(MAX($AE$2:$AE$126)-MIN($AE$2:$AE$126)) -> 0.5417 | AQ64: =(V64-MIN($V$2:$V$126))/(MAX($V$2:$V$126)-MIN($V$2:$V$126)) -> 0.48611111 | AR64: =1-(Y64-MIN($Y$2:$Y$126))/(MAX($Y$2:$Y$126)-MIN($Y$2:$Y$126)) -> 1 | AS64: =1-(AA64-MIN($AA$2:$AA$126))/(MAX($AA$2:$AA$126)-MIN($AA$2:$AA$126)) -> 0.80896027 | AT64: =(K64-MIN($K$2:$K$126))/(MAX($K$2:$K$126)-MIN($K$2:$K$126)) -> 0.27272727 | AU64: =(L64-MIN($L$2:$L$126))/(MAX($L$2:$L$126)-MIN($L$2:$L$126)) -> 0.0015035539 | AV64: =(AI64*(Tablero!$B$5/100)+AJ64*(Tablero!$B$6/100))*(Tablero!$B$4/100) -> 0.040956282 | AW64: =(AK64*(Tablero!$B$8/100))*(Tablero!$B$7/100) -> 0.064174379 | AX64: =(AL64*(Tablero!$B$10/100)+AM64*(Tablero!$B$11/100)+AN64*(Tablero!$B$12/100)+AO64*(Tablero!$B$13/100)+AP64*(Tablero!$B$14/100))*(Tablero!$B$9/100) -> 0.10678375 | AY64: =(AQ64*(Tablero!$B$16/100)+AR64*(Tablero!$B$17/100)+AS64*(Tablero!$B$18/100))*(Tablero!$B$15/100) -> 0.19383512 | AZ64: =(AT64*(Tablero!$B$20/100)+AU64*(Tablero!$B$21/100))*(Tablero!$B$19/100) -> 0.0068557707
B65: 14075 | C65: San Marcos | D65: 3818 | E65: 42 | F65: 13 | G65: 30.4 | H65: 56.5 | I65: 69 | J65: 7 | K65: 0.17 | L65: 19 | M65: 0 | N65: 0 | O65: 0 | P65: 6 | Q65: 74.857143 | R65: 42.86 | S65: 38.1 | T65: 50 | U65: 47.62 | V65: 160 | W65: 1 | X65: 1 | Y65: 0 | Z65: 0 | AA65: 26.2 | AC65: 52157.1 | AD65: 0.12 | AE65: 45.83 | AF65: 3.02 | AG65: =AV65+AW65+AX65+AY65+AZ65 -> 0.38041363 | AH65: ~ estimación estatal | AI65: =(G65-MIN($G$2:$G$126))/(MAX($G$2:$G$126)-MIN($G$2:$G$126)) -> 0.56103286 | AJ65: =(N65-MIN($N$2:$N$126))/(MAX($N$2:$N$126)-MIN($N$2:$N$126)) -> 0 | AK65: =(O65-MIN($O$2:$O$126))/(MAX($O$2:$O$126)-MIN($O$2:$O$126)) -> 0 | AL65: =(S65-MIN($S$2:$S$126))/(MAX($S$2:$S$126)-MIN($S$2:$S$126)) -> 0.64175978 | AM65: =(T65-MIN($T$2:$T$126))/(MAX($T$2:$T$126)-MIN($T$2:$T$126)) -> 0.44318018 | AN65: =1-(AC65-MIN($AC$2:$AC$126))/(MAX($AC$2:$AC$126)-MIN($AC$2:$AC$126)) -> 0.6258069 | AO65: =(AD65-MIN($AD$2:$AD$126))/(MAX($AD$2:$AD$126)-MIN($AD$2:$AD$126)) -> 0.071856287 | AP65: =1-(AE65-MIN($AE$2:$AE$126))/(MAX($AE$2:$AE$126)-MIN($AE$2:$AE$126)) -> 0.5417 | AQ65: =(V65-MIN($V$2:$V$126))/(MAX($V$2:$V$126)-MIN($V$2:$V$126)) -> 0.44444444 | AR65: =1-(Y65-MIN($Y$2:$Y$126))/(MAX($Y$2:$Y$126)-MIN($Y$2:$Y$126)) -> 1 | AS65: =1-(AA65-MIN($AA$2:$AA$126))/(MAX($AA$2:$AA$126)-MIN($AA$2:$AA$126)) -> 0.83854607 | AT65: =(K65-MIN($K$2:$K$126))/(MAX($K$2:$K$126)-MIN($K$2:$K$126)) -> 0.36363636 | AU65: =(L65-MIN($L$2:$L$126))/(MAX($L$2:$L$126)-MIN($L$2:$L$126)) -> 0.0017769273 | AV65: =(AI65*(Tablero!$B$5/100)+AJ65*(Tablero!$B$6/100))*(Tablero!$B$4/100) -> 0.08415493 | AW65: =(AK65*(Tablero!$B$8/100))*(Tablero!$B$7/100) -> 0 | AX65: =(AL65*(Tablero!$B$10/100)+AM65*(Tablero!$B$11/100)+AN65*(Tablero!$B$12/100)+AO65*(Tablero!$B$13/100)+AP65*(Tablero!$B$14/100))*(Tablero!$B$9/100) -> 0.09671527 | AY65: =(AQ65*(Tablero!$B$16/100)+AR65*(Tablero!$B$17/100)+AS65*(Tablero!$B$18/100))*(Tablero!$B$15/100) -> 0.1904081 | AZ65: =(AT65*(Tablero!$B$20/100)+AU65*(Tablero!$B$21/100))*(Tablero!$B$19/100) -> 0.0091353323
B66: 14086 | C66: Tapalpa | D66: 22736 | E66: 174 | F66: 65 | G66: 21.8 | H66: 48.9 | I66: 62.6 | J66: 46 | K66: 0.26 | L66: 89 | M66: 1 | N66: 323.10511 | O66: 10.77 | P66: 30 | Q66: 67.195402 | R66: 50.57 | S66: 32.76 | T66: 45.98 | U66: 47.13 | V66: 140 | W66: 5 | X66: 4 | Y66: 1 | Z66: 0 | AA66: 22 | AC66: 52157.1 | AD66: 0.12 | AE66: 45.83 | AF66: 3.02 | AG66: =AV66+AW66+AX66+AY66+AZ66 -> 0.47709023 | AH66: ~ estimación estatal | AI66: =(G66-MIN($G$2:$G$126))/(MAX($G$2:$G$126)-MIN($G$2:$G$126)) -> 0.35915493 | AJ66: =(N66-MIN($N$2:$N$126))/(MAX($N$2:$N$126)-MIN($N$2:$N$126)) -> 0.0068146952 | AK66: =(O66-MIN($O$2:$O$126))/(MAX($O$2:$O$126)-MIN($O$2:$O$126)) -> 0.52459815 | AL66: =(S66-MIN($S$2:$S$126))/(MAX($S$2:$S$126)-MIN($S$2:$S$126)) -> 0.5174581 | AM66: =(T66-MIN($T$2:$T$126))/(MAX($T$2:$T$126)-MIN($T$2:$T$126)) -> 0.38528014 | AN66: =1-(AC66-MIN($AC$2:$AC$126))/(MAX($AC$2:$AC$126)-MIN($AC$2:$AC$126)) -> 0.6258069 | AO66: =(AD66-MIN($AD$2:$AD$126))/(MAX($AD$2:$AD$126)-MIN($AD$2:$AD$126)) -> 0.071856287 | AP66: =1-(AE66-MIN($AE$2:$AE$126))/(MAX($AE$2:$AE$126)-MIN($AE$2:$AE$126)) -> 0.5417 | AQ66: =(V66-MIN($V$2:$V$126))/(MAX($V$2:$V$126)-MIN($V$2:$V$126)) -> 0.38888889 | AR66: =1-(Y66-MIN($Y$2:$Y$126))/(MAX($Y$2:$Y$126)-MIN($Y$2:$Y$126)) -> 0.98958333 | AS66: =1-(AA66-MIN($AA$2:$AA$126))/(MAX($AA$2:$AA$126)-MIN($AA$2:$AA$126)) -> 0.87404903 | AT66: =(K66-MIN($K$2:$K$126))/(MAX($K$2:$K$126)-MIN($K$2:$K$126)) -> 0.63636364 | AU66: =(L66-MIN($L$2:$L$126))/(MAX($L$2:$L$126)-MIN($L$2:$L$126)) -> 0.011344997 | AV66: =(AI66*(Tablero!$B$5/100)+AJ66*(Tablero!$B$6/100))*(Tablero!$B$4/100) -> 0.054554709 | AW66: =(AK66*(Tablero!$B$8/100))*(Tablero!$B$7/100) -> 0.13114954 | AX66: =(AL66*(Tablero!$B$10/100)+AM66*(Tablero!$B$11/100)+AN66*(Tablero!$B$12/100)+AO66*(Tablero!$B$13/100)+AP66*(Tablero!$B$14/100))*(Tablero!$B$9/100) -> 0.090755234 | AY66: =(AQ66*(Tablero!$B$16/100)+AR66*(Tablero!$B$17/100)+AS66*(Tablero!$B$18/100))*(Tablero!$B$15/100) -> 0.18443803 | AZ66: =(AT66*(Tablero!$B$20/100)+AU66*(Tablero!$B$21/100))*(Tablero!$B$19/100) -> 0.016192716
B67: 14116 | C67: Villa Hidalgo | D67: 20047 | E67: 151 | F67: 51 | G67: 20.7 | H67: 42 | I67: 66.2 | J67: 25 | K67: 0.17 | L67: 71 | M67: 4 | N67: 335.23861 | O67: 7.62 | P67: 44 | Q67: 72.503311 | R67: 47.02 | S67: 44.37 | T67: 81.46 | U67: 60.26 | V67: 175 | W67: 5 | X67: 4 | Y67: 1 | Z67: 0 | AA67: 24.9 | AB67: 57 | AC67: 38879.9 | AD67: 0.4 | AE67: 50.88 | AF67: 3.37 | AG67: =AV67+AW67+AX67+AY67+AZ67 -> 0.47519731 | AH67: ✓ datos directos | AI67: =(G67-MIN($G$2:$G$126))/(MAX($G$2:$G$126)-MIN($G$2:$G$126)) -> 0.33333333 | AJ67: =(N67-MIN($N$2:$N$126))/(MAX($N$2:$N$126)-MIN($N$2:$N$126)) -> 0.007070606 | AK67: =(O67-MIN($O$2:$O$126))/(MAX($O$2:$O$126)-MIN($O$2:$O$126)) -> 0.37116415 | AL67: =(S67-MIN($S$2:$S$126))/(MAX($S$2:$S$126)-MIN($S$2:$S$126)) -> 0.7877095 | AM67: =(T67-MIN($T$2:$T$126))/(MAX($T$2:$T$126)-MIN($T$2:$T$126)) -> 0.89629843 | AN67: =1-(AC67-MIN($AC$2:$AC$126))/(MAX($AC$2:$AC$126)-MIN($AC$2:$AC$126)) -> 0.76101357 | AO67: =(AD67-MIN($AD$2:$AD$126))/(MAX($AD$2:$AD$126)-MIN($AD$2:$AD$126)) -> 0.23952096 | AP67: =1-(AE67-MIN($AE$2:$AE$126))/(MAX($AE$2:$AE$126)-MIN($AE$2:$AE$126)) -> 0.4912 | AQ67: =(V67-MIN($V$2:$V$126))/(MAX($V$2:$V$126)-MIN($V$2:$V$126)) -> 0.48611111 | AR67: =1-(Y67-MIN($Y$2:$Y$126))/(MAX($Y$2:$Y$126)-MIN($Y$2:$Y$126)) -> 0.98958333 | AS67: =1-(AA67-MIN($AA$2:$AA$126))/(MAX($AA$2:$AA$126)-MIN($AA$2:$AA$126)) -> 0.84953508 | AT67: =(K67-MIN($K$2:$K$126))/(MAX($K$2:$K$126)-MIN($K$2:$K$126)) -> 0.36363636 | AU67: =(L67-MIN($L$2:$L$126))/(MAX($L$2:$L$126)-MIN($L$2:$L$126)) -> 0.0088846364 | AV67: =(AI67*(Tablero!$B$5/100)+AJ67*(Tablero!$B$6/100))*(Tablero!$B$4/100) -> 0.050707061 | AW67: =(AK67*(Tablero!$B$8/100))*(Tablero!$B$7/100) -> 0.092791038 | AX67: =(AL67*(Tablero!$B$10/100)+AM67*(Tablero!$B$11/100)+AN67*(Tablero!$B$12/100)+AO67*(Tablero!$B$13/100)+AP67*(Tablero!$B$14/100))*(Tablero!$B$9/100) -> 0.12883879 | AY67: =(AQ67*(Tablero!$B$16/100)+AR67*(Tablero!$B$17/100)+AS67*(Tablero!$B$18/100))*(Tablero!$B$15/100) -> 0.1935474 | AZ67: =(AT67*(Tablero!$B$20/100)+AU67*(Tablero!$B$21/100))*(Tablero!$B$19/100) -> 0.009313025
B68: 14082 | C68: Sayula | D68: 38298 | E68: 385 | F68: 177 | G68: 28.1 | H68: 77.5 | I68: 54 | J68: 100 | K68: 0.26 | L68: 184 | M68: 4 | N68: 1326.7389 | O68: 9.28 | P68: 143 | Q68: 70.602597 | R68: 52.47 | S68: 38.44 | T68: 34.81 | U68: 45.45 | V68: 110 | W68: 8 | X68: 6 | Y68: 2 | Z68: 0 | AA68: 20.9 | AC68: 52157.1 | AD68: 0.12 | AE68: 45.83 | AF68: 3.02 | AG68: =AV68+AW68+AX68+AY68+AZ68 -> 0.46715904 | AH68: ~ estimación estatal | AI68: =(G68-MIN($G$2:$G$126))/(MAX($G$2:$G$126)-MIN($G$2:$G$126)) -> 0.50704225 | AJ68: =(N68-MIN($N$2:$N$126))/(MAX($N$2:$N$126)-MIN($N$2:$N$126)) -> 0.027982601 | AK68: =(O68-MIN($O$2:$O$126))/(MAX($O$2:$O$126)-MIN($O$2:$O$126)) -> 0.45202143 | AL68: =(S68-MIN($S$2:$S$126))/(MAX($S$2:$S$126)-MIN($S$2:$S$126)) -> 0.64967412 | AM68: =(T68-MIN($T$2:$T$126))/(MAX($T$2:$T$126)-MIN($T$2:$T$126)) -> 0.22439867 | AN68: =1-(AC68-MIN($AC$2:$AC$126))/(MAX($AC$2:$AC$126)-MIN($AC$2:$AC$126)) -> 0.6258069 | AO68: =(AD68-MIN($AD$2:$AD$126))/(MAX($AD$2:$AD$126)-MIN($AD$2:$AD$126)) -> 0.071856287 | AP68: =1-(AE68-MIN($AE$2:$AE$126))/(MAX($AE$2:$AE$126)-MIN($AE$2:$AE$126)) -> 0.5417 | AQ68: =(V68-MIN($V$2:$V$126))/(MAX($V$2:$V$126)-MIN($V$2:$V$126)) -> 0.30555556 | AR68: =1-(Y68-MIN($Y$2:$Y$126))/(MAX($Y$2:$Y$126)-MIN($Y$2:$Y$126)) -> 0.97916667 | AS68: =1-(AA68-MIN($AA$2:$AA$126))/(MAX($AA$2:$AA$126)-MIN($AA$2:$AA$126)) -> 0.88334742 | AT68: =(K68-MIN($K$2:$K$126))/(MAX($K$2:$K$126)-MIN($K$2:$K$126)) -> 0.63636364 | AU68: =(L68-MIN($L$2:$L$126))/(MAX($L$2:$L$126)-MIN($L$2:$L$126)) -> 0.024330235 | AV68: =(AI68*(Tablero!$B$5/100)+AJ68*(Tablero!$B$6/100))*(Tablero!$B$4/100) -> 0.078854598 | AW68: =(AK68*(Tablero!$B$8/100))*(Tablero!$B$7/100) -> 0.11300536 | AX68: =(AL68*(Tablero!$B$10/100)+AM68*(Tablero!$B$11/100)+AN68*(Tablero!$B$12/100)+AO68*(Tablero!$B$13/100)+AP68*(Tablero!$B$14/100))*(Tablero!$B$9/100) -> 0.083746667 | AY68: =(AQ68*(Tablero!$B$16/100)+AR68*(Tablero!$B$17/100)+AS68*(Tablero!$B$18/100))*(Tablero!$B$15/100) -> 0.17503507 | AZ68: =(AT68*(Tablero!$B$20/100)+AU68*(Tablero!$B$21/100))*(Tablero!$B$19/100) -> 0.016517347
B69: 14088 | C69: Tecolotlán | D69: 16958 | E69: 154 | F69: 29 | G69: 25.2 | H69: 28.5 | I69: 81.2 | J69: 35 | K69: 0.23 | L69: 68 | M69: 0 | N69: 20.093178 | O69: 1.55 | P69: 13 | Q69: 75.571429 | R69: 45.45 | S69: 38.96 | T69: 56.49 | U69: 58.44 | V69: 140 | W69: 6 | X69: 6 | Y69: 0 | Z69: 0 | AA69: 35.4 | AC69: 52157.1 | AD69: 0.12 | AE69: 45.83 | AF69: 3.02 | AG69: =AV69+AW69+AX69+AY69+AZ69 -> 0.384243 | AH69: ~ estimación estatal | AI69: =(G69-MIN($G$2:$G$126))/(MAX($G$2:$G$126)-MIN($G$2:$G$126)) -> 0.43896714 | AJ69: =(N69-MIN($N$2:$N$126))/(MAX($N$2:$N$126)-MIN($N$2:$N$126)) -> 0.00042379052 | AK69: =(O69-MIN($O$2:$O$126))/(MAX($O$2:$O$126)-MIN($O$2:$O$126)) -> 0.075499269 | AL69: =(S69-MIN($S$2:$S$126))/(MAX($S$2:$S$126)-MIN($S$2:$S$126)) -> 0.6617784 | AM69: =(T69-MIN($T$2:$T$126))/(MAX($T$2:$T$126)-MIN($T$2:$T$126)) -> 0.53665562 | AN69: =1-(AC69-MIN($AC$2:$AC$126))/(MAX($AC$2:$AC$126)-MIN($AC$2:$AC$126)) -> 0.6258069 | AO69: =(AD69-MIN($AD$2:$AD$126))/(MAX($AD$2:$AD$126)-MIN($AD$2:$AD$126)) -> 0.071856287 | AP69: =1-(AE69-MIN($AE$2:$AE$126))/(MAX($AE$2:$AE$126)-MIN($AE$2:$AE$126)) -> 0.5417 | AQ69: =(V69-MIN($V$2:$V$126))/(MAX($V$2:$V$126)-MIN($V$2:$V$126)) -> 0.38888889 | AR69: =1-(Y69-MIN($Y$2:$Y$126))/(MAX($Y$2:$Y$126)-MIN($Y$2:$Y$126)) -> 1 | AS69: =1-(AA69-MIN($AA$2:$AA$126))/(MAX($AA$2:$AA$126)-MIN($AA$2:$AA$126)) -> 0.76077768 | AT69: =(K69-MIN($K$2:$K$126))/(MAX($K$2:$K$126)-MIN($K$2:$K$126)) -> 0.54545455 | AU69: =(L69-MIN($L$2:$L$126))/(MAX($L$2:$L$126)-MIN($L$2:$L$126)) -> 0.0084745763 | AV69: =(AI69*(Tablero!$B$5/100)+AJ69*(Tablero!$B$6/100))*(Tablero!$B$4/100) -> 0.065887449 | AW69: =(AK69*(Tablero!$B$8/100))*(Tablero!$B$7/100) -> 0.018874817 | AX69: =(AL69*(Tablero!$B$10/100)+AM69*(Tablero!$B$11/100)+AN69*(Tablero!$B$12/100)+AO69*(Tablero!$B$13/100)+AP69*(Tablero!$B$14/100))*(Tablero!$B$9/100) -> 0.10272417 | AY69: =(AQ69*(Tablero!$B$16/100)+AR69*(Tablero!$B$17/100)+AS69*(Tablero!$B$18/100))*(Tablero!$B$15/100) -> 0.18290833 | AZ69: =(AT69*(Tablero!$B$20/100)+AU69*(Tablero!$B$21/100))*(Tablero!$B$19/100) -> 0.013848228
B70: 14096 | C70: Tizapán El Alto | D70: 24566 | E70: 195 | F70: 43 | G70: 22.7 | H70: 30.1 | I70: 77.9 | J70: 33 | K70: 0.17 | L70: 89 | M70: 2 | N70: 207.2095 | O70: 9.42 | P70: 22 | Q70: 72.712821 | R70: 46.15 | S70: 15.9 | T70: 75.9 | U70: 72.31 | V70: 100 | W70: 7 | X70: 4 | Y70: 3 | Z70: 0 | AA70: 28.5 | AC70: 52157.1 | AD70: 0.12 | AE70: 45.83 | AF70: 3.02 | AG70: =AV70+AW70+AX70+AY70+AZ70 -> 0.45967546 | AH70: ~ estimación estatal | AI70: =(G70-MIN($G$2:$G$126))/(MAX($G$2:$G$126)-MIN($G$2:$G$126)) -> 0.38028169 | AJ70: =(N70-MIN($N$2:$N$126))/(MAX($N$2:$N$126)-MIN($N$2:$N$126)) -> 0.0043703102 | AK70: =(O70-MIN($O$2:$O$126))/(MAX($O$2:$O$126)-MIN($O$2:$O$126)) -> 0.45884072 | AL70: =(S70-MIN($S$2:$S$126))/(MAX($S$2:$S$126)-MIN($S$2:$S$126)) -> 0.125 | AM70: =(T70-MIN($T$2:$T$126))/(MAX($T$2:$T$126)-MIN($T$2:$T$126)) -> 0.81621777 | AN70: =1-(AC70-MIN($AC$2:$AC$126))/(MAX($AC$2:$AC$126)-MIN($AC$2:$AC$126)) -> 0.6258069 | AO70: =(AD70-MIN($AD$2:$AD$126))/(MAX($AD$2:$AD$126)-MIN($AD$2:$AD$126)) -> 0.071856287 | AP70: =1-(AE70-MIN($AE$2:$AE$126))/(MAX($AE$2:$AE$126)-MIN($AE$2:$AE$126)) -> 0.5417 | AQ70: =(V70-MIN($V$2:$V$126))/(MAX($V$2:$V$126)-MIN($V$2:$V$126)) -> 0.27777778 | AR70: =1-(Y70-MIN($Y$2:$Y$126))/(MAX($Y$2:$Y$126)-MIN($Y$2:$Y$126)) -> 0.96875 | AS70: =1-(AA70-MIN($AA$2:$AA$126))/(MAX($AA$2:$AA$126)-MIN($AA$2:$AA$126)) -> 0.81910397 | AT70: =(K70-MIN($K$2:$K$126))/(MAX($K$2:$K$126)-MIN($K$2:$K$126)) -> 0.36363636 | AU70: =(L70-MIN($L$2:$L$126))/(MAX($L$2:$L$126)-MIN($L$2:$L$126)) -> 0.011344997 | AV70: =(AI70*(Tablero!$B$5/100)+AJ70*(Tablero!$B$6/100))*(Tablero!$B$4/100) -> 0.057479285 | AW70: =(AK70*(Tablero!$B$8/100))*(Tablero!$B$7/100) -> 0.11471018 | AX70: =(AL70*(Tablero!$B$10/100)+AM70*(Tablero!$B$11/100)+AN70*(Tablero!$B$12/100)+AO70*(Tablero!$B$13/100)+AP70*(Tablero!$B$14/100))*(Tablero!$B$9/100) -> 0.10876233 | AY70: =(AQ70*(Tablero!$B$16/100)+AR70*(Tablero!$B$17/100)+AS70*(Tablero!$B$18/100))*(Tablero!$B$15/100) -> 0.16934913 | AZ70: =(AT70*(Tablero!$B$20/100)+AU70*(Tablero!$B$21/100))*(Tablero!$B$19/100) -> 0.009374534
B71: 14033 | C71: Degollado | D71: 21577 | E71: 166 | F71: 69 | G71: 21.3 | H71: 53.2 | I71: 58.4 | J71: 22 | K71: 0.13 | L71: 89 | M71: 2 | N71: 316.88081 | O71: 7.73 | P71: 41 | Q71: 72.024096 | R71: 55.42 | S71: 14.46 | T71: 79.52 | U71: 78.92 | V71: 170 | W71: 6 | X71: 5 | Y71: 1 | Z71: 0 | AA71: 27.8 | AC71: 52157.1 | AD71: 0.12 | AE71: 45.83 | AF71: 3.02 | AG71: =AV71+AW71+AX71+AY71+AZ71 -> 0.45602173 | AH71: ~ estimación estatal | AI71: =(G71-MIN($G$2:$G$126))/(MAX($G$2:$G$126)-MIN($G$2:$G$126)) -> 0.34741784 | AJ71: =(N71-MIN($N$2:$N$126))/(MAX($N$2:$N$126)-MIN($N$2:$N$126)) -> 0.0066834168 | AK71: =(O71-MIN($O$2:$O$126))/(MAX($O$2:$O$126)-MIN($O$2:$O$126)) -> 0.37652216 | AL71: =(S71-MIN($S$2:$S$126))/(MAX($S$2:$S$126)-MIN($S$2:$S$126)) -> 0.091480447 | AM71: =(T71-MIN($T$2:$T$126))/(MAX($T$2:$T$126)-MIN($T$2:$T$126)) -> 0.86835662 | AN71: =1-(AC71-MIN($AC$2:$AC$126))/(MAX($AC$2:$AC$126)-MIN($AC$2:$AC$126)) -> 0.6258069 | AO71: =(AD71-MIN($AD$2:$AD$126))/(MAX($AD$2:$AD$126)-MIN($AD$2:$AD$126)) -> 0.071856287 | AP71: =1-(AE71-MIN($AE$2:$AE$126))/(MAX($AE$2:$AE$126)-MIN($AE$2:$AE$126)) -> 0.5417 | AQ71: =(V71-MIN($V$2:$V$126))/(MAX($V$2:$V$126)-MIN($V$2:$V$126)) -> 0.47222222 | AR71: =1-(Y71-MIN($Y$2:$Y$126))/(MAX($Y$2:$Y$126)-MIN($Y$2:$Y$126)) -> 0.98958333 | AS71: =1-(AA71-MIN($AA$2:$AA$126))/(MAX($AA$2:$AA$126)-MIN($AA$2:$AA$126)) -> 0.82502113 | AT71: =(K71-MIN($K$2:$K$126))/(MAX($K$2:$K$126)-MIN($K$2:$K$126)) -> 0.24242424 | AU71: =(L71-MIN($L$2:$L$126))/(MAX($L$2:$L$126)-MIN($L$2:$L$126)) -> 0.011344997 | AV71: =(AI71*(Tablero!$B$5/100)+AJ71*(Tablero!$B$6/100))*(Tablero!$B$4/100) -> 0.052781018 | AW71: =(AK71*(Tablero!$B$8/100))*(Tablero!$B$7/100) -> 0.094130541 | AX71: =(AL71*(Tablero!$B$10/100)+AM71*(Tablero!$B$11/100)+AN71*(Tablero!$B$12/100)+AO71*(Tablero!$B$13/100)+AP71*(Tablero!$B$14/100))*(Tablero!$B$9/100) -> 0.11122027 | AY71: =(AQ71*(Tablero!$B$16/100)+AR71*(Tablero!$B$17/100)+AS71*(Tablero!$B$18/100))*(Tablero!$B$15/100) -> 0.19154567 | AZ71: =(AT71*(Tablero!$B$20/100)+AU71*(Tablero!$B$21/100))*(Tablero!$B$19/100) -> 0.006344231
B72: 14119 | C72: Zacoalco de Torres | D72: 32752 | E72: 312 | F72: 128 | G72: 27.2 | H72: 67 | I72: 59 | J72: 71 | K72: 0.23 | L72: 132 | M72: 1 | N72: 469.44262 | O72: 6.8 | P72: 69 | Q72: 70.564103 | R72: 48.4 | S72: 38.78 | T72: 50.32 | U72: 58.65 | V72: 75 | W72: 9 | X72: 8 | Y72: 1 | Z72: 0 | AA72: 27.5 | AB72: 38 | AC72: 38245.07 | AD72: 0.97 | AE72: 34.21 | AF72: 7.1 | AG72: =AV72+AW72+AX72+AY72+AZ72 -> 0.45558764 | AH72: ✓ datos directos | AI72: =(G72-MIN($G$2:$G$126))/(MAX($G$2:$G$126)-MIN($G$2:$G$126)) -> 0.48591549 | AJ72: =(N72-MIN($N$2:$N$126))/(MAX($N$2:$N$126)-MIN($N$2:$N$126)) -> 0.0099011382 | AK72: =(O72-MIN($O$2:$O$126))/(MAX($O$2:$O$126)-MIN($O$2:$O$126)) -> 0.3312226 | AL72: =(S72-MIN($S$2:$S$126))/(MAX($S$2:$S$126)-MIN($S$2:$S$126)) -> 0.65758845 | AM72: =(T72-MIN($T$2:$T$126))/(MAX($T$2:$T$126)-MIN($T$2:$T$126)) -> 0.44778914 | AN72: =1-(AC72-MIN($AC$2:$AC$126))/(MAX($AC$2:$AC$126)-MIN($AC$2:$AC$126)) -> 0.76747828 | AO72: =(AD72-MIN($AD$2:$AD$126))/(MAX($AD$2:$AD$126)-MIN($AD$2:$AD$126)) -> 0.58083832 | AP72: =1-(AE72-MIN($AE$2:$AE$126))/(MAX($AE$2:$AE$126)-MIN($AE$2:$AE$126)) -> 0.6579 | AQ72: =(V72-MIN($V$2:$V$126))/(MAX($V$2:$V$126)-MIN($V$2:$V$126)) -> 0.20833333 | AR72: =1-(Y72-MIN($Y$2:$Y$126))/(MAX($Y$2:$Y$126)-MIN($Y$2:$Y$126)) -> 0.98958333 | AS72: =1-(AA72-MIN($AA$2:$AA$126))/(MAX($AA$2:$AA$126)-MIN($AA$2:$AA$126)) -> 0.82755706 | AT72: =(K72-MIN($K$2:$K$126))/(MAX($K$2:$K$126)-MIN($K$2:$K$126)) -> 0.54545455 | AU72: =(L72-MIN($L$2:$L$126))/(MAX($L$2:$L$126)-MIN($L$2:$L$126)) -> 0.017222526 | AV72: =(AI72*(Tablero!$B$5/100)+AJ72*(Tablero!$B$6/100))*(Tablero!$B$4/100) -> 0.073877438 | AW72: =(AK72*(Tablero!$B$8/100))*(Tablero!$B$7/100) -> 0.08280565 | AX72: =(AL72*(Tablero!$B$10/100)+AM72*(Tablero!$B$11/100)+AN72*(Tablero!$B$12/100)+AO72*(Tablero!$B$13/100)+AP72*(Tablero!$B$14/100))*(Tablero!$B$9/100) -> 0.11961745 | AY72: =(AQ72*(Tablero!$B$16/100)+AR72*(Tablero!$B$17/100)+AS72*(Tablero!$B$18/100))*(Tablero!$B$15/100) -> 0.16522018 | AZ72: =(AT72*(Tablero!$B$20/100)+AU72*(Tablero!$B$21/100))*(Tablero!$B$19/100) -> 0.014066927
B73: 14016 | C73: Ayotlán | D73: 45161 | E73: 402 | F73: 119 | G73: 25.6 | H73: 45.4 | I73: 70.4 | J73: 70 | K73: 0.17 | L73: 218 | M73: 4 | N73: 523.77246 | O73: 6.47 | P73: 81 | Q73: 71.644279 | R73: 52.24 | S73: 18.41 | T73: 71.64 | U73: 66.42 | V73: 180 | W73: 9 | X73: 8 | Y73: 1 | Z73: 0 | AA73: 19.9 | AB73: 65 | AC73: 41753.27 | AD73: 0.12 | AE73: 27.69 | AF73: 3.16 | AG73: =AV73+AW73+AX73+AY73+AZ73 -> 0.47583402 | AH73: ✓ datos directos | AI73: =(G73-MIN($G$2:$G$126))/(MAX($G$2:$G$126)-MIN($G$2:$G$126)) -> 0.44835681 | AJ73: =(N73-MIN($N$2:$N$126))/(MAX($N$2:$N$126)-MIN($N$2:$N$126)) -> 0.011047023 | AK73: =(O73-MIN($O$2:$O$126))/(MAX($O$2:$O$126)-MIN($O$2:$O$126)) -> 0.31514856 | AL73: =(S73-MIN($S$2:$S$126))/(MAX($S$2:$S$126)-MIN($S$2:$S$126)) -> 0.18342644 | AM73: =(T73-MIN($T$2:$T$126))/(MAX($T$2:$T$126)-MIN($T$2:$T$126)) -> 0.75486101 | AN73: =1-(AC73-MIN($AC$2:$AC$126))/(MAX($AC$2:$AC$126)-MIN($AC$2:$AC$126)) -> 0.73175298 | AO73: =(AD73-MIN($AD$2:$AD$126))/(MAX($AD$2:$AD$126)-MIN($AD$2:$AD$126)) -> 0.071856287 | AP73: =1-(AE73-MIN($AE$2:$AE$126))/(MAX($AE$2:$AE$126)-MIN($AE$2:$AE$126)) -> 0.7231 | AQ73: =(V73-MIN($V$2:$V$126))/(MAX($V$2:$V$126)-MIN($V$2:$V$126)) -> 0.5 | AR73: =1-(Y73-MIN($Y$2:$Y$126))/(MAX($Y$2:$Y$126)-MIN($Y$2:$Y$126)) -> 0.98958333 | AS73: =1-(AA73-MIN($AA$2:$AA$126))/(MAX($AA$2:$AA$126)-MIN($AA$2:$AA$126)) -> 0.89180051 | AT73: =(K73-MIN($K$2:$K$126))/(MAX($K$2:$K$126)-MIN($K$2:$K$126)) -> 0.36363636 | AU73: =(L73-MIN($L$2:$L$126))/(MAX($L$2:$L$126)-MIN($L$2:$L$126)) -> 0.028977583 | AV73: =(AI73*(Tablero!$B$5/100)+AJ73*(Tablero!$B$6/100))*(Tablero!$B$4/100) -> 0.068358223 | AW73: =(AK73*(Tablero!$B$8/100))*(Tablero!$B$7/100) -> 0.078787141 | AX73: =(AL73*(Tablero!$B$10/100)+AM73*(Tablero!$B$11/100)+AN73*(Tablero!$B$12/100)+AO73*(Tablero!$B$13/100)+AP73*(Tablero!$B$14/100))*(Tablero!$B$9/100) -> 0.12288037 | AY73: =(AQ73*(Tablero!$B$16/100)+AR73*(Tablero!$B$17/100)+AS73*(Tablero!$B$18/100))*(Tablero!$B$15/100) -> 0.19599293 | AZ73: =(AT73*(Tablero!$B$20/100)+AU73*(Tablero!$B$21/100))*(Tablero!$B$19/100) -> 0.0098153487
B74: 14058 | C74: Mascota | D74: 14544 | E74: 144 | F74: 46 | G74: 27.4 | H74: 52.4 | I74: 68.1 | J74: 32 | K74: 0.22 | L74: 74 | M74: 1 | N74: 99.074626 | O74: 2.91 | P74: 34 | Q74: 75.159722 | R74: 52.08 | S74: 45.83 | T74: 56.25 | U74: 40.97 | V74: 250 | W74: 7 | X74: 6 | Y74: 1 | Z74: 0 | AA74: 48.1 | AC74: 52157.1 | AD74: 0.12 | AE74: 45.83 | AF74: 3.02 | AG74: =AV74+AW74+AX74+AY74+AZ74 -> 0.43754065 | AH74: ~ estimación estatal | AI74: =(G74-MIN($G$2:$G$126))/(MAX($G$2:$G$126)-MIN($G$2:$G$126)) -> 0.49061033 | AJ74: =(N74-MIN($N$2:$N$126))/(MAX($N$2:$N$126)-MIN($N$2:$N$126)) -> 0.0020896091 | AK74: =(O74-MIN($O$2:$O$126))/(MAX($O$2:$O$126)-MIN($O$2:$O$126)) -> 0.14174379 | AL74: =(S74-MIN($S$2:$S$126))/(MAX($S$2:$S$126)-MIN($S$2:$S$126)) -> 0.8216946 | AM74: =(T74-MIN($T$2:$T$126))/(MAX($T$2:$T$126)-MIN($T$2:$T$126)) -> 0.53319891 | AN74: =1-(AC74-MIN($AC$2:$AC$126))/(MAX($AC$2:$AC$126)-MIN($AC$2:$AC$126)) -> 0.6258069 | AO74: =(AD74-MIN($AD$2:$AD$126))/(MAX($AD$2:$AD$126)-MIN($AD$2:$AD$126)) -> 0.071856287 | AP74: =1-(AE74-MIN($AE$2:$AE$126))/(MAX($AE$2:$AE$126)-MIN($AE$2:$AE$126)) -> 0.5417 | AQ74: =(V74-MIN($V$2:$V$126))/(MAX($V$2:$V$126)-MIN($V$2:$V$126)) -> 0.69444444 | AR74: =1-(Y74-MIN($Y$2:$Y$126))/(MAX($Y$2:$Y$126)-MIN($Y$2:$Y$126)) -> 0.98958333 | AS74: =1-(AA74-MIN($AA$2:$AA$126))/(MAX($AA$2:$AA$126)-MIN($AA$2:$AA$126)) -> 0.6534235 | AT74: =(K74-MIN($K$2:$K$126))/(MAX($K$2:$K$126)-MIN($K$2:$K$126)) -> 0.51515152 | AU74: =(L74-MIN($L$2:$L$126))/(MAX($L$2:$L$126)-MIN($L$2:$L$126)) -> 0.0092946966 | AV74: =(AI74*(Tablero!$B$5/100)+AJ74*(Tablero!$B$6/100))*(Tablero!$B$4/100) -> 0.07380051 | AW74: =(AK74*(Tablero!$B$8/100))*(Tablero!$B$7/100) -> 0.035435947 | AX74: =(AL74*(Tablero!$B$10/100)+AM74*(Tablero!$B$11/100)+AN74*(Tablero!$B$12/100)+AO74*(Tablero!$B$13/100)+AP74*(Tablero!$B$14/100))*(Tablero!$B$9/100) -> 0.10571509 | AY74: =(AQ74*(Tablero!$B$16/100)+AR74*(Tablero!$B$17/100)+AS74*(Tablero!$B$18/100))*(Tablero!$B$15/100) -> 0.20947795 | AZ74: =(AT74*(Tablero!$B$20/100)+AU74*(Tablero!$B$21/100))*(Tablero!$B$19/100) -> 0.013111155
B75: 14053 | C75: Lagos de Moreno | D75: 181443 | E75: 1350 | F75: 480 | G75: 21 | H75: 44.8 | I75: 64.4 | J75: 259 | K75: 0.19 | L75: 620 | M75: 5 | N75: 3473.1459 | O75: 9.26 | P75: 375 | Q75: 69.683704 | R75: 52.89 | S75: 33.85 | T75: 34.74 | U75: 46.3 | V75: 195 | W75: 30 | X75: 25 | Y75: 5 | Z75: 0 | AA75: 16.5 | AB75: 149 | AC75: 55876.43 | AD75: 0.17 | AE75: 47.65 | AF75: 2.92 | AG75: =AV75+AW75+AX75+AY75+AZ75 -> 0.45945203 | AH75: ✓ datos directos | AI75: =(G75-MIN($G$2:$G$126))/(MAX($G$2:$G$126)-MIN($G$2:$G$126)) -> 0.34037559 | AJ75: =(N75-MIN($N$2:$N$126))/(MAX($N$2:$N$126)-MIN($N$2:$N$126)) -> 0.073253037 | AK75: =(O75-MIN($O$2:$O$126))/(MAX($O$2:$O$126)-MIN($O$2:$O$126)) -> 0.45104725 | AL75: =(S75-MIN($S$2:$S$126))/(MAX($S$2:$S$126)-MIN($S$2:$S$126)) -> 0.54283054 | AM75: =(T75-MIN($T$2:$T$126))/(MAX($T$2:$T$126)-MIN($T$2:$T$126)) -> 0.22339047 | AN75: =1-(AC75-MIN($AC$2:$AC$126))/(MAX($AC$2:$AC$126)-MIN($AC$2:$AC$126)) -> 0.58793158 | AO75: =(AD75-MIN($AD$2:$AD$126))/(MAX($AD$2:$AD$126)-MIN($AD$2:$AD$126)) -> 0.10179641 | AP75: =1-(AE75-MIN($AE$2:$AE$126))/(MAX($AE$2:$AE$126)-MIN($AE$2:$AE$126)) -> 0.5235 | AQ75: =(V75-MIN($V$2:$V$126))/(MAX($V$2:$V$126)-MIN($V$2:$V$126)) -> 0.54166667 | AR75: =1-(Y75-MIN($Y$2:$Y$126))/(MAX($Y$2:$Y$126)-MIN($Y$2:$Y$126)) -> 0.94791667 | AS75: =1-(AA75-MIN($AA$2:$AA$126))/(MAX($AA$2:$AA$126)-MIN($AA$2:$AA$126)) -> 0.920541 | AT75: =(K75-MIN($K$2:$K$126))/(MAX($K$2:$K$126)-MIN($K$2:$K$126)) -> 0.42424242 | AU75: =(L75-MIN($L$2:$L$126))/(MAX($L$2:$L$126)-MIN($L$2:$L$126)) -> 0.083925642 | AV75: =(AI75*(Tablero!$B$5/100)+AJ75*(Tablero!$B$6/100))*(Tablero!$B$4/100) -> 0.058381642 | AW75: =(AK75*(Tablero!$B$8/100))*(Tablero!$B$7/100) -> 0.11276181 | AX75: =(AL75*(Tablero!$B$10/100)+AM75*(Tablero!$B$11/100)+AN75*(Tablero!$B$12/100)+AO75*(Tablero!$B$13/100)+AP75*(Tablero!$B$14/100))*(Tablero!$B$9/100) -> 0.079934599 | AY75: =(AQ75*(Tablero!$B$16/100)+AR75*(Tablero!$B$17/100)+AS75*(Tablero!$B$18/100))*(Tablero!$B$15/100) -> 0.19566977 | AZ75: =(AT75*(Tablero!$B$20/100)+AU75*(Tablero!$B$21/100))*(Tablero!$B$19/100) -> 0.012704202
B76: 14006 | C76: Ameca | D76: 60218 | E76: 717 | F76: 181 | G76: 32.8 | H76: 49.6 | I76: 74.8 | J76: 100 | K76: 0.14 | L76: 390 | M76: 8 | N76: 890.52027 | O76: 6.8 | P76: 131 | Q76: 72.419805 | R76: 49.79 | S76: 39.47 | T76: 34.59 | U76: 48.4 | V76: 80 | W76: 18 | X76: 16 | Y76: 2 | Z76: 0 | AA76: 29.9 | AB76: 178 | AC76: 49859.12 | AD76: 0.17 | AE76: 47.19 | AF76: 3.68 | AG76: =AV76+AW76+AX76+AY76+AZ76 -> 0.43423456 | AH76: ✓ datos directos | AI76: =(G76-MIN($G$2:$G$126))/(MAX($G$2:$G$126)-MIN($G$2:$G$126)) -> 0.61737089 | AJ76: =(N76-MIN($N$2:$N$126))/(MAX($N$2:$N$126)-MIN($N$2:$N$126)) -> 0.018782198 | AK76: =(O76-MIN($O$2:$O$126))/(MAX($O$2:$O$126)-MIN($O$2:$O$126)) -> 0.3312226 | AL76: =(S76-MIN($S$2:$S$126))/(MAX($S$2:$S$126)-MIN($S$2:$S$126)) -> 0.67364991 | AM76: =(T76-MIN($T$2:$T$126))/(MAX($T$2:$T$126)-MIN($T$2:$T$126)) -> 0.22123002 | AN76: =1-(AC76-MIN($AC$2:$AC$126))/(MAX($AC$2:$AC$126)-MIN($AC$2:$AC$126)) -> 0.64920809 | AO76: =(AD76-MIN($AD$2:$AD$126))/(MAX($AD$2:$AD$126)-MIN($AD$2:$AD$126)) -> 0.10179641 | AP76: =1-(AE76-MIN($AE$2:$AE$126))/(MAX($AE$2:$AE$126)-MIN($AE$2:$AE$126)) -> 0.5281 | AQ76: =(V76-MIN($V$2:$V$126))/(MAX($V$2:$V$126)-MIN($V$2:$V$126)) -> 0.22222222 | AR76: =1-(Y76-MIN($Y$2:$Y$126))/(MAX($Y$2:$Y$126)-MIN($Y$2:$Y$126)) -> 0.97916667 | AS76: =1-(AA76-MIN($AA$2:$AA$126))/(MAX($AA$2:$AA$126)-MIN($AA$2:$AA$126)) -> 0.80726965 | AT76: =(K76-MIN($K$2:$K$126))/(MAX($K$2:$K$126)-MIN($K$2:$K$126)) -> 0.27272727 | AU76: =(L76-MIN($L$2:$L$126))/(MAX($L$2:$L$126)-MIN($L$2:$L$126)) -> 0.052487698 | AV76: =(AI76*(Tablero!$B$5/100)+AJ76*(Tablero!$B$6/100))*(Tablero!$B$4/100) -> 0.094483854 | AW76: =(AK76*(Tablero!$B$8/100))*(Tablero!$B$7/100) -> 0.08280565 | AX76: =(AL76*(Tablero!$B$10/100)+AM76*(Tablero!$B$11/100)+AN76*(Tablero!$B$12/100)+AO76*(Tablero!$B$13/100)+AP76*(Tablero!$B$14/100))*(Tablero!$B$9/100) -> 0.084014889 | AY76: =(AQ76*(Tablero!$B$16/100)+AR76*(Tablero!$B$17/100)+AS76*(Tablero!$B$18/100))*(Tablero!$B$15/100) -> 0.1647998 | AZ76: =(AT76*(Tablero!$B$20/100)+AU76*(Tablero!$B$21/100))*(Tablero!$B$19/100) -> 0.0081303743
B77: 14023 | C77: Zapotlán El Grande | D77: 124917 | E77: 1125 | F77: 422 | G77: 25.8 | H77: 58.2 | I77: 62.5 | J77: 299 | K77: 0.27 | L77: 521 | M77: 4 | N77: 5419.8118 | O77: 9.68 | P77: 560 | Q77: 70.561778 | R77: 49.96 | S77: 30.4 | T77: 28.09 | U77: 37.07 | V77: 140 | W77: 28 | X77: 18 | Y77: 10 | Z77: 0 | AA77: 22.4 | AB77: 271 | AC77: 66445.67 | AD77: 0.05 | AE77: 68.27 | AF77: 1.84 | AG77: =AV77+AW77+AX77+AY77+AZ77 -> 0.44082227 | AH77: ✓ datos directos | AI77: =(G77-MIN($G$2:$G$126))/(MAX($G$2:$G$126)-MIN($G$2:$G$126)) -> 0.45305164 | AJ77: =(N77-MIN($N$2:$N$126))/(MAX($N$2:$N$126)-MIN($N$2:$N$126)) -> 0.11431068 | AK77: =(O77-MIN($O$2:$O$126))/(MAX($O$2:$O$126)-MIN($O$2:$O$126)) -> 0.47150511 | AL77: =(S77-MIN($S$2:$S$126))/(MAX($S$2:$S$126)-MIN($S$2:$S$126)) -> 0.46252328 | AM77: =(T77-MIN($T$2:$T$126))/(MAX($T$2:$T$126)-MIN($T$2:$T$126)) -> 0.12761054 | AN77: =1-(AC77-MIN($AC$2:$AC$126))/(MAX($AC$2:$AC$126)-MIN($AC$2:$AC$126)) -> 0.48030108 | AO77: =(AD77-MIN($AD$2:$AD$126))/(MAX($AD$2:$AD$126)-MIN($AD$2:$AD$126)) -> 0.02994012 | AP77: =1-(AE77-MIN($AE$2:$AE$126))/(MAX($AE$2:$AE$126)-MIN($AE$2:$AE$126)) -> 0.3173 | AQ77: =(V77-MIN($V$2:$V$126))/(MAX($V$2:$V$126)-MIN($V$2:$V$126)) -> 0.38888889 | AR77: =1-(Y77-MIN($Y$2:$Y$126))/(MAX($Y$2:$Y$126)-MIN($Y$2:$Y$126)) -> 0.89583333 | AS77: =1-(AA77-MIN($AA$2:$AA$126))/(MAX($AA$2:$AA$126)-MIN($AA$2:$AA$126)) -> 0.87066779 | AT77: =(K77-MIN($K$2:$K$126))/(MAX($K$2:$K$126)-MIN($K$2:$K$126)) -> 0.66666667 | AU77: =(L77-MIN($L$2:$L$126))/(MAX($L$2:$L$126)-MIN($L$2:$L$126)) -> 0.070393658 | AV77: =(AI77*(Tablero!$B$5/100)+AJ77*(Tablero!$B$6/100))*(Tablero!$B$4/100) -> 0.079388815 | AW77: =(AK77*(Tablero!$B$8/100))*(Tablero!$B$7/100) -> 0.11787628 | AX77: =(AL77*(Tablero!$B$10/100)+AM77*(Tablero!$B$11/100)+AN77*(Tablero!$B$12/100)+AO77*(Tablero!$B$13/100)+AP77*(Tablero!$B$14/100))*(Tablero!$B$9/100) -> 0.052495922 | AY77: =(AQ77*(Tablero!$B$16/100)+AR77*(Tablero!$B$17/100)+AS77*(Tablero!$B$18/100))*(Tablero!$B$15/100) -> 0.17263475 | AZ77: =(AT77*(Tablero!$B$20/100)+AU77*(Tablero!$B$21/100))*(Tablero!$B$19/100) -> 0.018426508
B78: 14085 | C78: Tamazula de Gordiano | D78: 37031 | E78: 506 | F78: 213 | G78: 36.9 | H78: 93.2 | I78: 57.9 | J78: 128 | K78: 0.25 | L78: 263 | M78: 4 | N78: 813.87982 | O78: 6.62 | P78: 123 | Q78: 72.233663 | R78: 47.43 | S78: 35.77 | T78: 27.67 | U78: 39.92 | V78: 195 | W78: 11 | X78: 9 | Y78: 2 | Z78: 0 | AA78: 29.7 | AB78: 64 | AC78: 67170.07 | AD78: 0.06 | AE78: 71.88 | AF78: 2.02 | AG78: =AV78+AW78+AX78+AY78+AZ78 -> 0.45390599 | AH78: ✓ datos directos | AI78: =(G78-MIN($G$2:$G$126))/(MAX($G$2:$G$126)-MIN($G$2:$G$126)) -> 0.71361502 | AJ78: =(N78-MIN($N$2:$N$126))/(MAX($N$2:$N$126)-MIN($N$2:$N$126)) -> 0.017165754 | AK78: =(O78-MIN($O$2:$O$126))/(MAX($O$2:$O$126)-MIN($O$2:$O$126)) -> 0.32245494 | AL78: =(S78-MIN($S$2:$S$126))/(MAX($S$2:$S$126)-MIN($S$2:$S$126)) -> 0.58752328 | AM78: =(T78-MIN($T$2:$T$126))/(MAX($T$2:$T$126)-MIN($T$2:$T$126)) -> 0.12156128 | AN78: =1-(AC78-MIN($AC$2:$AC$126))/(MAX($AC$2:$AC$126)-MIN($AC$2:$AC$126)) -> 0.47292425 | AO78: =(AD78-MIN($AD$2:$AD$126))/(MAX($AD$2:$AD$126)-MIN($AD$2:$AD$126)) -> 0.035928144 | AP78: =1-(AE78-MIN($AE$2:$AE$126))/(MAX($AE$2:$AE$126)-MIN($AE$2:$AE$126)) -> 0.2812 | AQ78: =(V78-MIN($V$2:$V$126))/(MAX($V$2:$V$126)-MIN($V$2:$V$126)) -> 0.54166667 | AR78: =1-(Y78-MIN($Y$2:$Y$126))/(MAX($Y$2:$Y$126)-MIN($Y$2:$Y$126)) -> 0.97916667 | AS78: =1-(AA78-MIN($AA$2:$AA$126))/(MAX($AA$2:$AA$126)-MIN($AA$2:$AA$126)) -> 0.80896027 | AT78: =(K78-MIN($K$2:$K$126))/(MAX($K$2:$K$126)-MIN($K$2:$K$126)) -> 0.60606061 | AU78: =(L78-MIN($L$2:$L$126))/(MAX($L$2:$L$126)-MIN($L$2:$L$126)) -> 0.035128486 | AV78: =(AI78*(Tablero!$B$5/100)+AJ78*(Tablero!$B$6/100))*(Tablero!$B$4/100) -> 0.10875883 | AW78: =(AK78*(Tablero!$B$8/100))*(Tablero!$B$7/100) -> 0.080613736 | AX78: =(AL78*(Tablero!$B$10/100)+AM78*(Tablero!$B$11/100)+AN78*(Tablero!$B$12/100)+AO78*(Tablero!$B$13/100)+AP78*(Tablero!$B$14/100))*(Tablero!$B$9/100) -> 0.05171719 | AY78: =(AQ78*(Tablero!$B$16/100)+AR78*(Tablero!$B$17/100)+AS78*(Tablero!$B$18/100))*(Tablero!$B$15/100) -> 0.19678651 | AZ78: =(AT78*(Tablero!$B$20/100)+AU78*(Tablero!$B$21/100))*(Tablero!$B$19/100) -> 0.016029727
B79: 14121 | C79: Zapotiltic | D79: 38349 | E79: 381 | F79: 133 | G79: 29.2 | H79: 61.1 | I79: 65.1 | J79: 82 | K79: 0.22 | L79: 213 | M79: 2 | N79: 306.43904 | O79: 5.57 | P79: 55 | Q79: 73.010499 | R79: 52.49 | S79: 38.06 | T79: 29.92 | U79: 49.08 | V79: 175 | W79: 8 | X79: 7 | Y79: 1 | Z79: 0 | AA79: 20.9 | AB79: 148 | AC79: 45386.13 | AD79: 0.07 | AE79: 42.57 | AF79: 3.57 | AG79: =AV79+AW79+AX79+AY79+AZ79 -> 0.43911446 | AH79: ✓ datos directos | AI79: =(G79-MIN($G$2:$G$126))/(MAX($G$2:$G$126)-MIN($G$2:$G$126)) -> 0.53286385 | AJ79: =(N79-MIN($N$2:$N$126))/(MAX($N$2:$N$126)-MIN($N$2:$N$126)) -> 0.0064631867 | AK79: =(O79-MIN($O$2:$O$126))/(MAX($O$2:$O$126)-MIN($O$2:$O$126)) -> 0.27131028 | AL79: =(S79-MIN($S$2:$S$126))/(MAX($S$2:$S$126)-MIN($S$2:$S$126)) -> 0.64082868 | AM79: =(T79-MIN($T$2:$T$126))/(MAX($T$2:$T$126)-MIN($T$2:$T$126)) -> 0.15396803 | AN79: =1-(AC79-MIN($AC$2:$AC$126))/(MAX($AC$2:$AC$126)-MIN($AC$2:$AC$126)) -> 0.69475821 | AO79: =(AD79-MIN($AD$2:$AD$126))/(MAX($AD$2:$AD$126)-MIN($AD$2:$AD$126)) -> 0.041916168 | AP79: =1-(AE79-MIN($AE$2:$AE$126))/(MAX($AE$2:$AE$126)-MIN($AE$2:$AE$126)) -> 0.5743 | AQ79: =(V79-MIN($V$2:$V$126))/(MAX($V$2:$V$126)-MIN($V$2:$V$126)) -> 0.48611111 | AR79: =1-(Y79-MIN($Y$2:$Y$126))/(MAX($Y$2:$Y$126)-MIN($Y$2:$Y$126)) -> 0.98958333 | AS79: =1-(AA79-MIN($AA$2:$AA$126))/(MAX($AA$2:$AA$126)-MIN($AA$2:$AA$126)) -> 0.88334742 | AT79: =(K79-MIN($K$2:$K$126))/(MAX($K$2:$K$126)-MIN($K$2:$K$126)) -> 0.51515152 | AU79: =(L79-MIN($L$2:$L$126))/(MAX($L$2:$L$126)-MIN($L$2:$L$126)) -> 0.02829415 | AV79: =(AI79*(Tablero!$B$5/100)+AJ79*(Tablero!$B$6/100))*(Tablero!$B$4/100) -> 0.080575896 | AW79: =(AK79*(Tablero!$B$8/100))*(Tablero!$B$7/100) -> 0.067827569 | AX79: =(AL79*(Tablero!$B$10/100)+AM79*(Tablero!$B$11/100)+AN79*(Tablero!$B$12/100)+AO79*(Tablero!$B$13/100)+AP79*(Tablero!$B$14/100))*(Tablero!$B$9/100) -> 0.082732143 | AY79: =(AQ79*(Tablero!$B$16/100)+AR79*(Tablero!$B$17/100)+AS79*(Tablero!$B$18/100))*(Tablero!$B$15/100) -> 0.19439271 | AZ79: =(AT79*(Tablero!$B$20/100)+AU79*(Tablero!$B$21/100))*(Tablero!$B$19/100) -> 0.013586142
B80: 14036 | C80: Etzatlán | D80: 20668 | E80: 190 | F80: 36 | G80: 25.7 | H80: 29.2 | I80: 81.1 | J80: 46 | K80: 0.24 | L80: 84 | M80: 1 | N80: 161.80249 | O80: 9.52 | P80: 17 | Q80: 71.405263 | R80: 47.37 | S80: 33.16 | T80: 48.95 | U80: 56.32 | V80: 80 | W80: 5 | X80: 4 | Y80: 1 | Z80: 0 | AA80: 24.2 | AB80: 42 | AC80: 64107.63 | AD80: 0.02 | AE80: 66.67 | AF80: 2.05 | AG80: =AV80+AW80+AX80+AY80+AZ80 -> 0.43904626 | AH80: ✓ datos directos | AI80: =(G80-MIN($G$2:$G$126))/(MAX($G$2:$G$126)-MIN($G$2:$G$126)) -> 0.45070423 | AJ80: =(N80-MIN($N$2:$N$126))/(MAX($N$2:$N$126)-MIN($N$2:$N$126)) -> 0.003412619 | AK80: =(O80-MIN($O$2:$O$126))/(MAX($O$2:$O$126)-MIN($O$2:$O$126)) -> 0.46371164 | AL80: =(S80-MIN($S$2:$S$126))/(MAX($S$2:$S$126)-MIN($S$2:$S$126)) -> 0.52676909 | AM80: =(T80-MIN($T$2:$T$126))/(MAX($T$2:$T$126)-MIN($T$2:$T$126)) -> 0.42805704 | AN80: =1-(AC80-MIN($AC$2:$AC$126))/(MAX($AC$2:$AC$126)-MIN($AC$2:$AC$126)) -> 0.50411021 | AO80: =(AD80-MIN($AD$2:$AD$126))/(MAX($AD$2:$AD$126)-MIN($AD$2:$AD$126)) -> 0.011976048 | AP80: =1-(AE80-MIN($AE$2:$AE$126))/(MAX($AE$2:$AE$126)-MIN($AE$2:$AE$126)) -> 0.3333 | AQ80: =(V80-MIN($V$2:$V$126))/(MAX($V$2:$V$126)-MIN($V$2:$V$126)) -> 0.22222222 | AR80: =1-(Y80-MIN($Y$2:$Y$126))/(MAX($Y$2:$Y$126)-MIN($Y$2:$Y$126)) -> 0.98958333 | AS80: =1-(AA80-MIN($AA$2:$AA$126))/(MAX($AA$2:$AA$126)-MIN($AA$2:$AA$126)) -> 0.85545224 | AT80: =(K80-MIN($K$2:$K$126))/(MAX($K$2:$K$126)-MIN($K$2:$K$126)) -> 0.57575758 | AU80: =(L80-MIN($L$2:$L$126))/(MAX($L$2:$L$126)-MIN($L$2:$L$126)) -> 0.010661564 | AV80: =(AI80*(Tablero!$B$5/100)+AJ80*(Tablero!$B$6/100))*(Tablero!$B$4/100) -> 0.067946896 | AW80: =(AK80*(Tablero!$B$8/100))*(Tablero!$B$7/100) -> 0.11592791 | AX80: =(AL80*(Tablero!$B$10/100)+AM80*(Tablero!$B$11/100)+AN80*(Tablero!$B$12/100)+AO80*(Tablero!$B$13/100)+AP80*(Tablero!$B$14/100))*(Tablero!$B$9/100) -> 0.073204529 | AY80: =(AQ80*(Tablero!$B$16/100)+AR80*(Tablero!$B$17/100)+AS80*(Tablero!$B$18/100))*(Tablero!$B$15/100) -> 0.16730644 | AZ80: =(AT80*(Tablero!$B$20/100)+AU80*(Tablero!$B$21/100))*(Tablero!$B$19/100) -> 0.014660478
B81: 14047 | C81: Jamay | D81: 25850 | E81: 239 | F81: 93 | G81: 25.9 | H81: 60.5 | I81: 61.1 | J81: 37 | K81: 0.16 | L81: 114 | M81: 1 | N81: 253.05461 | O81: 6.17 | P81: 41 | Q81: 73.108787 | R81: 47.7 | S81: 20.08 | T81: 51.46 | U81: 55.23 | V81: 115 | W81: 6 | X81: 6 | Y81: 0 | Z81: 0 | AA81: 23.2 | AB81: 66 | AC81: 56092.09 | AD81: 0.29 | AE81: 42.42 | AF81: 2.01 | AG81: =AV81+AW81+AX81+AY81+AZ81 -> 0.42477227 | AH81: ✓ datos directos | AI81: =(G81-MIN($G$2:$G$126))/(MAX($G$2:$G$126)-MIN($G$2:$G$126)) -> 0.45539906 | AJ81: =(N81-MIN($N$2:$N$126))/(MAX($N$2:$N$126)-MIN($N$2:$N$126)) -> 0.0053372415 | AK81: =(O81-MIN($O$2:$O$126))/(MAX($O$2:$O$126)-MIN($O$2:$O$126)) -> 0.3005358 | AL81: =(S81-MIN($S$2:$S$126))/(MAX($S$2:$S$126)-MIN($S$2:$S$126)) -> 0.22229981 | AM81: =(T81-MIN($T$2:$T$126))/(MAX($T$2:$T$126)-MIN($T$2:$T$126)) -> 0.46420856 | AN81: =1-(AC81-MIN($AC$2:$AC$126))/(MAX($AC$2:$AC$126)-MIN($AC$2:$AC$126)) -> 0.58573544 | AO81: =(AD81-MIN($AD$2:$AD$126))/(MAX($AD$2:$AD$126)-MIN($AD$2:$AD$126)) -> 0.17365269 | AP81: =1-(AE81-MIN($AE$2:$AE$126))/(MAX($AE$2:$AE$126)-MIN($AE$2:$AE$126)) -> 0.5758 | AQ81: =(V81-MIN($V$2:$V$126))/(MAX($V$2:$V$126)-MIN($V$2:$V$126)) -> 0.31944444 | AR81: =1-(Y81-MIN($Y$2:$Y$126))/(MAX($Y$2:$Y$126)-MIN($Y$2:$Y$126)) -> 1 | AS81: =1-(AA81-MIN($AA$2:$AA$126))/(MAX($AA$2:$AA$126)-MIN($AA$2:$AA$126)) -> 0.86390533 | AT81: =(K81-MIN($K$2:$K$126))/(MAX($K$2:$K$126)-MIN($K$2:$K$126)) -> 0.33333333 | AU81: =(L81-MIN($L$2:$L$126))/(MAX($L$2:$L$126)-MIN($L$2:$L$126)) -> 0.014762165 | AV81: =(AI81*(Tablero!$B$5/100)+AJ81*(Tablero!$B$6/100))*(Tablero!$B$4/100) -> 0.068843583 | AW81: =(AK81*(Tablero!$B$8/100))*(Tablero!$B$7/100) -> 0.07513395 | AX81: =(AL81*(Tablero!$B$10/100)+AM81*(Tablero!$B$11/100)+AN81*(Tablero!$B$12/100)+AO81*(Tablero!$B$13/100)+AP81*(Tablero!$B$14/100))*(Tablero!$B$9/100) -> 0.093550272 | AY81: =(AQ81*(Tablero!$B$16/100)+AR81*(Tablero!$B$17/100)+AS81*(Tablero!$B$18/100))*(Tablero!$B$15/100) -> 0.17854208 | AZ81: =(AT81*(Tablero!$B$20/100)+AU81*(Tablero!$B$21/100))*(Tablero!$B$19/100) -> 0.0087023875
B82: 14066 | C82: Poncitlán | D82: 56201 | E82: 444 | F82: 185 | G82: 22.2 | H82: 55.6 | I82: 58.3 | J82: 83 | K82: 0.19 | L82: 178 | M82: 3 | N82: 511.35728 | O82: 7.41 | P82: 69 | Q82: 69.207207 | R82: 47.3 | S82: 18.02 | T82: 43.47 | U82: 56.08 | V82: 70 | W82: 13 | X82: 13 | Y82: 0 | Z82: 0 | AA82: 23.1 | AB82: 96 | AC82: 38065.98 | AD82: 0.41 | AE82: 26.04 | AF82: 2.07 | AG82: =AV82+AW82+AX82+AY82+AZ82 -> 0.42774994 | AH82: ✓ datos directos | AI82: =(G82-MIN($G$2:$G$126))/(MAX($G$2:$G$126)-MIN($G$2:$G$126)) -> 0.3685446 | AJ82: =(N82-MIN($N$2:$N$126))/(MAX($N$2:$N$126)-MIN($N$2:$N$126)) -> 0.010785171 | AK82: =(O82-MIN($O$2:$O$126))/(MAX($O$2:$O$126)-MIN($O$2:$O$126)) -> 0.36093522 | AL82: =(S82-MIN($S$2:$S$126))/(MAX($S$2:$S$126)-MIN($S$2:$S$126)) -> 0.17434823 | AM82: =(T82-MIN($T$2:$T$126))/(MAX($T$2:$T$126)-MIN($T$2:$T$126)) -> 0.34912862 | AN82: =1-(AC82-MIN($AC$2:$AC$126))/(MAX($AC$2:$AC$126)-MIN($AC$2:$AC$126)) -> 0.76930202 | AO82: =(AD82-MIN($AD$2:$AD$126))/(MAX($AD$2:$AD$126)-MIN($AD$2:$AD$126)) -> 0.24550898 | AP82: =1-(AE82-MIN($AE$2:$AE$126))/(MAX($AE$2:$AE$126)-MIN($AE$2:$AE$126)) -> 0.7396 | AQ82: =(V82-MIN($V$2:$V$126))/(MAX($V$2:$V$126)-MIN($V$2:$V$126)) -> 0.19444444 | AR82: =1-(Y82-MIN($Y$2:$Y$126))/(MAX($Y$2:$Y$126)-MIN($Y$2:$Y$126)) -> 1 | AS82: =1-(AA82-MIN($AA$2:$AA$126))/(MAX($AA$2:$AA$126)-MIN($AA$2:$AA$126)) -> 0.86475063 | AT82: =(K82-MIN($K$2:$K$126))/(MAX($K$2:$K$126)-MIN($K$2:$K$126)) -> 0.42424242 | AU82: =(L82-MIN($L$2:$L$126))/(MAX($L$2:$L$126)-MIN($L$2:$L$126)) -> 0.023510115 | AV82: =(AI82*(Tablero!$B$5/100)+AJ82*(Tablero!$B$6/100))*(Tablero!$B$4/100) -> 0.056360207 | AW82: =(AK82*(Tablero!$B$8/100))*(Tablero!$B$7/100) -> 0.090233804 | AX82: =(AL82*(Tablero!$B$10/100)+AM82*(Tablero!$B$11/100)+AN82*(Tablero!$B$12/100)+AO82*(Tablero!$B$13/100)+AP82*(Tablero!$B$14/100))*(Tablero!$B$9/100) -> 0.1038989 | AY82: =(AQ82*(Tablero!$B$16/100)+AR82*(Tablero!$B$17/100)+AS82*(Tablero!$B$18/100))*(Tablero!$B$15/100) -> 0.16606321 | AZ82: =(AT82*(Tablero!$B$20/100)+AU82*(Tablero!$B$21/100))*(Tablero!$B$19/100) -> 0.011193813
B83: 14018 | C83: La Barca | D83: 70917 | E83: 730 | F83: 348 | G83: 29 | H83: 82.9 | I83: 52.3 | J83: 163 | K83: 0.22 | L83: 372 | M83: 6 | N83: 2620.9236 | O83: 8.65 | P83: 303 | Q83: 71.171233 | R83: 53.84 | S83: 16.3 | T83: 52.33 | U83: 47.26 | V83: 145 | W83: 21 | X83: 18 | Y83: 3 | Z83: 0 | AA83: 29.6 | AB83: 84 | AC83: 54865.08 | AD83: 0.11 | AE83: 45.24 | AF83: 5.42 | AG83: =AV83+AW83+AX83+AY83+AZ83 -> 0.47421355 | AH83: ✓ datos directos | AI83: =(G83-MIN($G$2:$G$126))/(MAX($G$2:$G$126)-MIN($G$2:$G$126)) -> 0.52816901 | AJ83: =(N83-MIN($N$2:$N$126))/(MAX($N$2:$N$126)-MIN($N$2:$N$126)) -> 0.055278592 | AK83: =(O83-MIN($O$2:$O$126))/(MAX($O$2:$O$126)-MIN($O$2:$O$126)) -> 0.42133463 | AL83: =(S83-MIN($S$2:$S$126))/(MAX($S$2:$S$126)-MIN($S$2:$S$126)) -> 0.13431099 | AM83: =(T83-MIN($T$2:$T$126))/(MAX($T$2:$T$126)-MIN($T$2:$T$126)) -> 0.47673916 | AN83: =1-(AC83-MIN($AC$2:$AC$126))/(MAX($AC$2:$AC$126)-MIN($AC$2:$AC$126)) -> 0.59823054 | AO83: =(AD83-MIN($AD$2:$AD$126))/(MAX($AD$2:$AD$126)-MIN($AD$2:$AD$126)) -> 0.065868263 | AP83: =1-(AE83-MIN($AE$2:$AE$126))/(MAX($AE$2:$AE$126)-MIN($AE$2:$AE$126)) -> 0.5476 | AQ83: =(V83-MIN($V$2:$V$126))/(MAX($V$2:$V$126)-MIN($V$2:$V$126)) -> 0.40277778 | AR83: =1-(Y83-MIN($Y$2:$Y$126))/(MAX($Y$2:$Y$126)-MIN($Y$2:$Y$126)) -> 0.96875 | AS83: =1-(AA83-MIN($AA$2:$AA$126))/(MAX($AA$2:$AA$126)-MIN($AA$2:$AA$126)) -> 0.80980558 | AT83: =(K83-MIN($K$2:$K$126))/(MAX($K$2:$K$126)-MIN($K$2:$K$126)) -> 0.51515152 | AU83: =(L83-MIN($L$2:$L$126))/(MAX($L$2:$L$126)-MIN($L$2:$L$126)) -> 0.050027337 | AV83: =(AI83*(Tablero!$B$5/100)+AJ83*(Tablero!$B$6/100))*(Tablero!$B$4/100) -> 0.084753211 | AW83: =(AK83*(Tablero!$B$8/100))*(Tablero!$B$7/100) -> 0.10533366 | AX83: =(AL83*(Tablero!$B$10/100)+AM83*(Tablero!$B$11/100)+AN83*(Tablero!$B$12/100)+AO83*(Tablero!$B$13/100)+AP83*(Tablero!$B$14/100))*(Tablero!$B$9/100) -> 0.088380545 | AY83: =(AQ83*(Tablero!$B$16/100)+AR83*(Tablero!$B$17/100)+AS83*(Tablero!$B$18/100))*(Tablero!$B$15/100) -> 0.18161667 | AZ83: =(AT83*(Tablero!$B$20/100)+AU83*(Tablero!$B$21/100))*(Tablero!$B$19/100) -> 0.014129471
B84: 14046 | C84: Jalostotitlán | D84: 33013 | E84: 206 | F84: 56 | G84: 17.2 | H84: 28.1 | I84: 72.8 | J84: 44 | K84: 0.21 | L84: 82 | M84: 3 | N84: 285.67316 | O84: 8.66 | P84: 33 | Q84: 70.402913 | R84: 48.54 | S84: 33.01 | T84: 65.05 | U84: 61.17 | V84: 165 | W84: 10 | X84: 7 | Y84: 3 | Z84: 0 | AA84: 30.3 | AB84: 24 | AC84: 113610.9 | AD84: 0 | AE84: 62.5 | AF84: 9.16 | AG84: =AV84+AW84+AX84+AY84+AZ84 -> 0.42320148 | AH84: ✓ datos directos | AI84: =(G84-MIN($G$2:$G$126))/(MAX($G$2:$G$126)-MIN($G$2:$G$126)) -> 0.25117371 | AJ84: =(N84-MIN($N$2:$N$126))/(MAX($N$2:$N$126)-MIN($N$2:$N$126)) -> 0.0060252081 | AK84: =(O84-MIN($O$2:$O$126))/(MAX($O$2:$O$126)-MIN($O$2:$O$126)) -> 0.42182172 | AL84: =(S84-MIN($S$2:$S$126))/(MAX($S$2:$S$126)-MIN($S$2:$S$126)) -> 0.52327747 | AM84: =(T84-MIN($T$2:$T$126))/(MAX($T$2:$T$126)-MIN($T$2:$T$126)) -> 0.65994527 | AN84: =1-(AC84-MIN($AC$2:$AC$126))/(MAX($AC$2:$AC$126)-MIN($AC$2:$AC$126)) -> 0 | AO84: =(AD84-MIN($AD$2:$AD$126))/(MAX($AD$2:$AD$126)-MIN($AD$2:$AD$126)) -> 0 | AP84: =1-(AE84-MIN($AE$2:$AE$126))/(MAX($AE$2:$AE$126)-MIN($AE$2:$AE$126)) -> 0.375 | AQ84: =(V84-MIN($V$2:$V$126))/(MAX($V$2:$V$126)-MIN($V$2:$V$126)) -> 0.45833333 | AR84: =1-(Y84-MIN($Y$2:$Y$126))/(MAX($Y$2:$Y$126)-MIN($Y$2:$Y$126)) -> 0.96875 | AS84: =1-(AA84-MIN($AA$2:$AA$126))/(MAX($AA$2:$AA$126)-MIN($AA$2:$AA$126)) -> 0.80388842 | AT84: =(K84-MIN($K$2:$K$126))/(MAX($K$2:$K$126)-MIN($K$2:$K$126)) -> 0.48484848 | AU84: =(L84-MIN($L$2:$L$126))/(MAX($L$2:$L$126)-MIN($L$2:$L$126)) -> 0.01038819 | AV84: =(AI84*(Tablero!$B$5/100)+AJ84*(Tablero!$B$6/100))*(Tablero!$B$4/100) -> 0.038278577 | AW84: =(AK84*(Tablero!$B$8/100))*(Tablero!$B$7/100) -> 0.10545543 | AX84: =(AL84*(Tablero!$B$10/100)+AM84*(Tablero!$B$11/100)+AN84*(Tablero!$B$12/100)+AO84*(Tablero!$B$13/100)+AP84*(Tablero!$B$14/100))*(Tablero!$B$9/100) -> 0.080062265 | AY84: =(AQ84*(Tablero!$B$16/100)+AR84*(Tablero!$B$17/100)+AS84*(Tablero!$B$18/100))*(Tablero!$B$15/100) -> 0.18702429 | AZ84: =(AT84*(Tablero!$B$20/100)+AU84*(Tablero!$B$21/100))*(Tablero!$B$19/100) -> 0.012380917
B85: 14077 | C85: San Martín Hidalgo | D85: 28949 | E85: 331 | F85: 85 | G85: 32 | H85: 49.2 | I85: 74.3 | J85: 76 | K85: 0.23 | L85: 160 | M85: 1 | N85: 240.14823 | O85: 5 | P85: 48 | Q85: 74.785498 | R85: 49.55 | S85: 52.57 | T85: 46.83 | U85: 56.19 | V85: 65 | W85: 10 | X85: 9 | Y85: 1 | Z85: 0 | AA85: 34.5 | AB85: 86 | AC85: 55364.63 | AD85: 0.26 | AE85: 61.63 | AF85: 5.06 | AG85: =AV85+AW85+AX85+AY85+AZ85 -> 0.41540316 | AH85: ✓ datos directos | AI85: =(G85-MIN($G$2:$G$126))/(MAX($G$2:$G$126)-MIN($G$2:$G$126)) -> 0.59859155 | AJ85: =(N85-MIN($N$2:$N$126))/(MAX($N$2:$N$126)-MIN($N$2:$N$126)) -> 0.0050650296 | AK85: =(O85-MIN($O$2:$O$126))/(MAX($O$2:$O$126)-MIN($O$2:$O$126)) -> 0.24354603 | AL85: =(S85-MIN($S$2:$S$126))/(MAX($S$2:$S$126)-MIN($S$2:$S$126)) -> 0.97858473 | AM85: =(T85-MIN($T$2:$T$126))/(MAX($T$2:$T$126)-MIN($T$2:$T$126)) -> 0.39752268 | AN85: =1-(AC85-MIN($AC$2:$AC$126))/(MAX($AC$2:$AC$126)-MIN($AC$2:$AC$126)) -> 0.59314343 | AO85: =(AD85-MIN($AD$2:$AD$126))/(MAX($AD$2:$AD$126)-MIN($AD$2:$AD$126)) -> 0.15568862 | AP85: =1-(AE85-MIN($AE$2:$AE$126))/(MAX($AE$2:$AE$126)-MIN($AE$2:$AE$126)) -> 0.3837 | AQ85: =(V85-MIN($V$2:$V$126))/(MAX($V$2:$V$126)-MIN($V$2:$V$126)) -> 0.18055556 | AR85: =1-(Y85-MIN($Y$2:$Y$126))/(MAX($Y$2:$Y$126)-MIN($Y$2:$Y$126)) -> 0.98958333 | AS85: =1-(AA85-MIN($AA$2:$AA$126))/(MAX($AA$2:$AA$126)-MIN($AA$2:$AA$126)) -> 0.76838546 | AT85: =(K85-MIN($K$2:$K$126))/(MAX($K$2:$K$126)-MIN($K$2:$K$126)) -> 0.54545455 | AU85: =(L85-MIN($L$2:$L$126))/(MAX($L$2:$L$126)-MIN($L$2:$L$126)) -> 0.021049754 | AV85: =(AI85*(Tablero!$B$5/100)+AJ85*(Tablero!$B$6/100))*(Tablero!$B$4/100) -> 0.090295235 | AW85: =(AK85*(Tablero!$B$8/100))*(Tablero!$B$7/100) -> 0.060886508 | AX85: =(AL85*(Tablero!$B$10/100)+AM85*(Tablero!$B$11/100)+AN85*(Tablero!$B$12/100)+AO85*(Tablero!$B$13/100)+AP85*(Tablero!$B$14/100))*(Tablero!$B$9/100) -> 0.089095697 | AY85: =(AQ85*(Tablero!$B$16/100)+AR85*(Tablero!$B$17/100)+AS85*(Tablero!$B$18/100))*(Tablero!$B$15/100) -> 0.16096311 | AZ85: =(AT85*(Tablero!$B$20/100)+AU85*(Tablero!$B$21/100))*(Tablero!$B$19/100) -> 0.014162607
B86: 14125 | C86: San Ignacio Cerro Gordo | D86: 18673 | E86: 121 | F86: 30 | G86: 18 | H86: 26.7 | I86: 75.2 | J86: 16 | K86: 0.13 | L86: 62 | M86: 1 | N86: 156.65095 | O86: 8.24 | P86: 19 | Q86: 72.330579 | R86: 52.07 | S86: 28.93 | T86: 76.86 | U86: 64.46 | V86: 190 | W86: 4 | X86: 3 | Y86: 1 | Z86: 0 | AA86: 21.4 | AB86: 106 | AC86: 65330.73 | AD86: 0.6 | AE86: 38.68 | AF86: 6.02 | AG86: =AV86+AW86+AX86+AY86+AZ86 -> 0.47031352 | AH86: ✓ datos directos | AI86: =(G86-MIN($G$2:$G$126))/(MAX($G$2:$G$126)-MIN($G$2:$G$126)) -> 0.26995305 | AJ86: =(N86-MIN($N$2:$N$126))/(MAX($N$2:$N$126)-MIN($N$2:$N$126)) -> 0.0033039665 | AK86: =(O86-MIN($O$2:$O$126))/(MAX($O$2:$O$126)-MIN($O$2:$O$126)) -> 0.40136386 | AL86: =(S86-MIN($S$2:$S$126))/(MAX($S$2:$S$126)-MIN($S$2:$S$126)) -> 0.4283054 | AM86: =(T86-MIN($T$2:$T$126))/(MAX($T$2:$T$126)-MIN($T$2:$T$126)) -> 0.83004465 | AN86: =1-(AC86-MIN($AC$2:$AC$126))/(MAX($AC$2:$AC$126)-MIN($AC$2:$AC$126)) -> 0.49165493 | AO86: =(AD86-MIN($AD$2:$AD$126))/(MAX($AD$2:$AD$126)-MIN($AD$2:$AD$126)) -> 0.35928144 | AP86: =1-(AE86-MIN($AE$2:$AE$126))/(MAX($AE$2:$AE$126)-MIN($AE$2:$AE$126)) -> 0.6132 | AQ86: =(V86-MIN($V$2:$V$126))/(MAX($V$2:$V$126)-MIN($V$2:$V$126)) -> 0.52777778 | AR86: =1-(Y86-MIN($Y$2:$Y$126))/(MAX($Y$2:$Y$126)-MIN($Y$2:$Y$126)) -> 0.98958333 | AS86: =1-(AA86-MIN($AA$2:$AA$126))/(MAX($AA$2:$AA$126)-MIN($AA$2:$AA$126)) -> 0.87912088 | AT86: =(K86-MIN($K$2:$K$126))/(MAX($K$2:$K$126)-MIN($K$2:$K$126)) -> 0.24242424 | AU86: =(L86-MIN($L$2:$L$126))/(MAX($L$2:$L$126)-MIN($L$2:$L$126)) -> 0.007654456 | AV86: =(AI86*(Tablero!$B$5/100)+AJ86*(Tablero!$B$6/100))*(Tablero!$B$4/100) -> 0.040823354 | AW86: =(AK86*(Tablero!$B$8/100))*(Tablero!$B$7/100) -> 0.10034096 | AX86: =(AL86*(Tablero!$B$10/100)+AM86*(Tablero!$B$11/100)+AN86*(Tablero!$B$12/100)+AO86*(Tablero!$B$13/100)+AP86*(Tablero!$B$14/100))*(Tablero!$B$9/100) -> 0.12444351 | AY86: =(AQ86*(Tablero!$B$16/100)+AR86*(Tablero!$B$17/100)+AS86*(Tablero!$B$18/100))*(Tablero!$B$15/100) -> 0.19845372 | AZ86: =(AT86*(Tablero!$B$20/100)+AU86*(Tablero!$B$21/100))*(Tablero!$B$19/100) -> 0.0062519675
... B95: 14123 | C95: Zapotlán del Rey | D95: 20675 | E95: 123 | F95: 52 | G95: 17 | H95: 43.1 | I95: 57.7 | J95: 29 | K95: 0.24 | L95: 52 | M95: 0 | N95: 176.55168 | O95: 6.09 | P95: 29 | Q95: 71.00813 | R95: 52.85 | S95: 20.33 | T95: 45.53 | U95: 44.72 | V95: 185 | W95: 4 | X95: 4 | Y95: 0 | Z95: 0 | AA95: 19.3 | AB95: 21 | AC95: 63093.76 | AD95: 0.29 | AE95: 52.38 | AF95: 6.1 | AG95: =AV95+AW95+AX95+AY95+AZ95 -> 0.40401386 | AH95: ✓ datos directos | AI95: =(G95-MIN($G$2:$G$126))/(MAX($G$2:$G$126)-MIN($G$2:$G$126)) -> 0.24647887 | AJ95: =(N95-MIN($N$2:$N$126))/(MAX($N$2:$N$126)-MIN($N$2:$N$126)) -> 0.003723698 | AK95: =(O95-MIN($O$2:$O$126))/(MAX($O$2:$O$126)-MIN($O$2:$O$126)) -> 0.29663906 | AL95: =(S95-MIN($S$2:$S$126))/(MAX($S$2:$S$126)-MIN($S$2:$S$126)) -> 0.22811918 | AM95: =(T95-MIN($T$2:$T$126))/(MAX($T$2:$T$126)-MIN($T$2:$T$126)) -> 0.37879879 | AN95: =1-(AC95-MIN($AC$2:$AC$126))/(MAX($AC$2:$AC$126)-MIN($AC$2:$AC$126)) -> 0.51443483 | AO95: =(AD95-MIN($AD$2:$AD$126))/(MAX($AD$2:$AD$126)-MIN($AD$2:$AD$126)) -> 0.17365269 | AP95: =1-(AE95-MIN($AE$2:$AE$126))/(MAX($AE$2:$AE$126)-MIN($AE$2:$AE$126)) -> 0.4762 | AQ95: =(V95-MIN($V$2:$V$126))/(MAX($V$2:$V$126)-MIN($V$2:$V$126)) -> 0.51388889 | AR95: =1-(Y95-MIN($Y$2:$Y$126))/(MAX($Y$2:$Y$126)-MIN($Y$2:$Y$126)) -> 1 | AS95: =1-(AA95-MIN($AA$2:$AA$126))/(MAX($AA$2:$AA$126)-MIN($AA$2:$AA$126)) -> 0.89687236 | AT95: =(K95-MIN($K$2:$K$126))/(MAX($K$2:$K$126)-MIN($K$2:$K$126)) -> 0.57575758 | AU95: =(L95-MIN($L$2:$L$126))/(MAX($L$2:$L$126)-MIN($L$2:$L$126)) -> 0.0062875888 | AV95: =(AI95*(Tablero!$B$5/100)+AJ95*(Tablero!$B$6/100))*(Tablero!$B$4/100) -> 0.037344201 | AW95: =(AK95*(Tablero!$B$8/100))*(Tablero!$B$7/100) -> 0.074159766 | AX95: =(AL95*(Tablero!$B$10/100)+AM95*(Tablero!$B$11/100)+AN95*(Tablero!$B$12/100)+AO95*(Tablero!$B$13/100)+AP95*(Tablero!$B$14/100))*(Tablero!$B$9/100) -> 0.079148061 | AY95: =(AQ95*(Tablero!$B$16/100)+AR95*(Tablero!$B$17/100)+AS95*(Tablero!$B$18/100))*(Tablero!$B$15/100) -> 0.1988107 | AZ95: =(AT95*(Tablero!$B$20/100)+AU95*(Tablero!$B$21/100))*(Tablero!$B$19/100) -> 0.014551129
B96: 14061 | C96: Mezquitic | D96: 23719 | E96: 54 | F96: 17 | G96: 6.5 | H96: 12.3 | I96: 68.5 | J96: 7 | K96: 0.13 | L96: 23 | M96: 0 | N96: 34.570414 | O96: 4.32 | P96: 8 | Q96: 69.907407 | R96: 48.15 | S96: 27.78 | T96: 66.67 | U96: 57.41 | V96: 350 | W96: 16 | X96: 16 | Y96: 0 | Z96: 0 | AA96: 67.5 | AC96: 52157.1 | AD96: 0.12 | AE96: 45.83 | AF96: 3.02 | AG96: =AV96+AW96+AX96+AY96+AZ96 -> 0.39957229 | AH96: ~ estimación estatal | AI96: =(G96-MIN($G$2:$G$126))/(MAX($G$2:$G$126)-MIN($G$2:$G$126)) -> 0 | AJ96: =(N96-MIN($N$2:$N$126))/(MAX($N$2:$N$126)-MIN($N$2:$N$126)) -> 0.00072913372 | AK96: =(O96-MIN($O$2:$O$126))/(MAX($O$2:$O$126)-MIN($O$2:$O$126)) -> 0.21042377 | AL96: =(S96-MIN($S$2:$S$126))/(MAX($S$2:$S$126)-MIN($S$2:$S$126)) -> 0.40153631 | AM96: =(T96-MIN($T$2:$T$126))/(MAX($T$2:$T$126)-MIN($T$2:$T$126)) -> 0.68327812 | AN96: =1-(AC96-MIN($AC$2:$AC$126))/(MAX($AC$2:$AC$126)-MIN($AC$2:$AC$126)) -> 0.6258069 | AO96: =(AD96-MIN($AD$2:$AD$126))/(MAX($AD$2:$AD$126)-MIN($AD$2:$AD$126)) -> 0.071856287 | AP96: =1-(AE96-MIN($AE$2:$AE$126))/(MAX($AE$2:$AE$126)-MIN($AE$2:$AE$126)) -> 0.5417 | AQ96: =(V96-MIN($V$2:$V$126))/(MAX($V$2:$V$126)-MIN($V$2:$V$126)) -> 0.97222222 | AR96: =1-(Y96-MIN($Y$2:$Y$126))/(MAX($Y$2:$Y$126)-MIN($Y$2:$Y$126)) -> 1 | AS96: =1-(AA96-MIN($AA$2:$AA$126))/(MAX($AA$2:$AA$126)-MIN($AA$2:$AA$126)) -> 0.48943364 | AT96: =(K96-MIN($K$2:$K$126))/(MAX($K$2:$K$126)-MIN($K$2:$K$126)) -> 0.24242424 | AU96: =(L96-MIN($L$2:$L$126))/(MAX($L$2:$L$126)-MIN($L$2:$L$126)) -> 0.0023236741 | AV96: =(AI96*(Tablero!$B$5/100)+AJ96*(Tablero!$B$6/100))*(Tablero!$B$4/100) -> 7.2913372e-05 | AW96: =(AK96*(Tablero!$B$8/100))*(Tablero!$B$7/100) -> 0.052605943 | AX96: =(AL96*(Tablero!$B$10/100)+AM96*(Tablero!$B$11/100)+AN96*(Tablero!$B$12/100)+AO96*(Tablero!$B$13/100)+AP96*(Tablero!$B$14/100))*(Tablero!$B$9/100) -> 0.10631668 | AY96: =(AQ96*(Tablero!$B$16/100)+AR96*(Tablero!$B$17/100)+AS96*(Tablero!$B$18/100))*(Tablero!$B$15/100) -> 0.23445806 | AZ96: =(AT96*(Tablero!$B$20/100)+AU96*(Tablero!$B$21/100))*(Tablero!$B$19/100) -> 0.0061186979
B97: 14108 | C97: Tuxpan | D97: 40520 | E97: 318 | F97: 139 | G97: 22.5 | H97: 58.9 | I97: 56.3 | J97: 94 | K97: 0.3 | L97: 133 | M97: 3 | N97: 375.36475 | O97: 7.66 | P97: 49 | Q97: 69.355346 | R97: 51.89 | S97: 31.45 | T97: 31.45 | U97: 44.03 | V97: 155 | W97: 6 | X97: 5 | Y97: 1 | Z97: 0 | AA97: 14.8 | AB97: 46 | AC97: 47751.7 | AD97: 0.04 | AE97: 76.09 | AF97: 1.92 | AG97: =AV97+AW97+AX97+AY97+AZ97 -> 0.41322746 | AH97: ✓ datos directos | AI97: =(G97-MIN($G$2:$G$126))/(MAX($G$2:$G$126)-MIN($G$2:$G$126)) -> 0.37558685 | AJ97: =(N97-MIN($N$2:$N$126))/(MAX($N$2:$N$126)-MIN($N$2:$N$126)) -> 0.007916917 | AK97: =(O97-MIN($O$2:$O$126))/(MAX($O$2:$O$126)-MIN($O$2:$O$126)) -> 0.37311252 | AL97: =(S97-MIN($S$2:$S$126))/(MAX($S$2:$S$126)-MIN($S$2:$S$126)) -> 0.48696462 | AM97: =(T97-MIN($T$2:$T$126))/(MAX($T$2:$T$126)-MIN($T$2:$T$126)) -> 0.17600461 | AN97: =1-(AC97-MIN($AC$2:$AC$126))/(MAX($AC$2:$AC$126)-MIN($AC$2:$AC$126)) -> 0.67066873 | AO97: =(AD97-MIN($AD$2:$AD$126))/(MAX($AD$2:$AD$126)-MIN($AD$2:$AD$126)) -> 0.023952096 | AP97: =1-(AE97-MIN($AE$2:$AE$126))/(MAX($AE$2:$AE$126)-MIN($AE$2:$AE$126)) -> 0.2391 | AQ97: =(V97-MIN($V$2:$V$126))/(MAX($V$2:$V$126)-MIN($V$2:$V$126)) -> 0.43055556 | AR97: =1-(Y97-MIN($Y$2:$Y$126))/(MAX($Y$2:$Y$126)-MIN($Y$2:$Y$126)) -> 0.98958333 | AS97: =1-(AA97-MIN($AA$2:$AA$126))/(MAX($AA$2:$AA$126)-MIN($AA$2:$AA$126)) -> 0.93491124 | AT97: =(K97-MIN($K$2:$K$126))/(MAX($K$2:$K$126)-MIN($K$2:$K$126)) -> 0.75757576 | AU97: =(L97-MIN($L$2:$L$126))/(MAX($L$2:$L$126)-MIN($L$2:$L$126)) -> 0.017359213 | AV97: =(AI97*(Tablero!$B$5/100)+AJ97*(Tablero!$B$6/100))*(Tablero!$B$4/100) -> 0.05712972 | AW97: =(AK97*(Tablero!$B$8/100))*(Tablero!$B$7/100) -> 0.09327813 | AX97: =(AL97*(Tablero!$B$10/100)+AM97*(Tablero!$B$11/100)+AN97*(Tablero!$B$12/100)+AO97*(Tablero!$B$13/100)+AP97*(Tablero!$B$14/100))*(Tablero!$B$9/100) -> 0.053319985 | AY97: =(AQ97*(Tablero!$B$16/100)+AR97*(Tablero!$B$17/100)+AS97*(Tablero!$B$18/100))*(Tablero!$B$15/100) -> 0.19012625 | AZ97: =(AT97*(Tablero!$B$20/100)+AU97*(Tablero!$B$21/100))*(Tablero!$B$19/100) -> 0.019373374
B98: 14024 | C98: Cocula | D98: 31861 | E98: 327 | F98: 125 | G98: 29.5 | H98: 67.7 | I98: 61.8 | J98: 83 | K98: 0.25 | L98: 164 | M98: 1 | N98: 780.70691 | O98: 6.62 | P98: 118 | Q98: 73.308869 | R98: 48.32 | S98: 40.67 | T98: 32.11 | U98: 46.79 | V98: 70 | W98: 10 | X98: 7 | Y98: 3 | Z98: 0 | AA98: 31.4 | AB98: 44 | AC98: 63196.25 | AD98: 0.07 | AE98: 77.27 | AF98: 2.35 | AG98: =AV98+AW98+AX98+AY98+AZ98 -> 0.39379307 | AH98: ✓ datos directos | AI98: =(G98-MIN($G$2:$G$126))/(MAX($G$2:$G$126)-MIN($G$2:$G$126)) -> 0.5399061 | AJ98: =(N98-MIN($N$2:$N$126))/(MAX($N$2:$N$126)-MIN($N$2:$N$126)) -> 0.016466096 | AK98: =(O98-MIN($O$2:$O$126))/(MAX($O$2:$O$126)-MIN($O$2:$O$126)) -> 0.32245494 | AL98: =(S98-MIN($S$2:$S$126))/(MAX($S$2:$S$126)-MIN($S$2:$S$126)) -> 0.70158287 | AM98: =(T98-MIN($T$2:$T$126))/(MAX($T$2:$T$126)-MIN($T$2:$T$126)) -> 0.18551059 | AN98: =1-(AC98-MIN($AC$2:$AC$126))/(MAX($AC$2:$AC$126)-MIN($AC$2:$AC$126)) -> 0.51339113 | AO98: =(AD98-MIN($AD$2:$AD$126))/(MAX($AD$2:$AD$126)-MIN($AD$2:$AD$126)) -> 0.041916168 | AP98: =1-(AE98-MIN($AE$2:$AE$126))/(MAX($AE$2:$AE$126)-MIN($AE$2:$AE$126)) -> 0.2273 | AQ98: =(V98-MIN($V$2:$V$126))/(MAX($V$2:$V$126)-MIN($V$2:$V$126)) -> 0.19444444 | AR98: =1-(Y98-MIN($Y$2:$Y$126))/(MAX($Y$2:$Y$126)-MIN($Y$2:$Y$126)) -> 0.96875 | AS98: =1-(AA98-MIN($AA$2:$AA$126))/(MAX($AA$2:$AA$126)-MIN($AA$2:$AA$126)) -> 0.79459003 | AT98: =(K98-MIN($K$2:$K$126))/(MAX($K$2:$K$126)-MIN($K$2:$K$126)) -> 0.60606061 | AU98: =(L98-MIN($L$2:$L$126))/(MAX($L$2:$L$126)-MIN($L$2:$L$126)) -> 0.021596501 | AV98: =(AI98*(Tablero!$B$5/100)+AJ98*(Tablero!$B$6/100))*(Tablero!$B$4/100) -> 0.082632525 | AW98: =(AK98*(Tablero!$B$8/100))*(Tablero!$B$7/100) -> 0.080613736 | AX98: =(AL98*(Tablero!$B$10/100)+AM98*(Tablero!$B$11/100)+AN98*(Tablero!$B$12/100)+AO98*(Tablero!$B$13/100)+AP98*(Tablero!$B$14/100))*(Tablero!$B$9/100) -> 0.054452439 | AY98: =(AQ98*(Tablero!$B$16/100)+AR98*(Tablero!$B$17/100)+AS98*(Tablero!$B$18/100))*(Tablero!$B$15/100) -> 0.16040295 | AZ98: =(AT98*(Tablero!$B$20/100)+AU98*(Tablero!$B$21/100))*(Tablero!$B$19/100) -> 0.015691428
B99: 14124 | C99: Zapotlanejo | D99: 65349 | E99: 598 | F99: 273 | G99: 25.2 | H99: 69.1 | I99: 54.3 | J99: 132 | K99: 0.22 | L99: 305 | M99: 3 | N99: 1459.2542 | O99: 7.56 | P99: 193 | Q99: 71.086957 | R99: 45.32 | S99: 18.73 | T99: 59.87 | U99: 58.53 | V99: 40 | W99: 18 | X99: 15 | Y99: 2 | Z99: 1 | AA99: 27.5 | AB99: 128 | AC99: 38149.44 | AD99: 0.28 | AE99: 32.03 | AF99: 3.6 | AG99: =AV99+AW99+AX99+AY99+AZ99 -> 0.44111572 | AH99: ✓ datos directos | AI99: =(G99-MIN($G$2:$G$126))/(MAX($G$2:$G$126)-MIN($G$2:$G$126)) -> 0.43896714 | AJ99: =(N99-MIN($N$2:$N$126))/(MAX($N$2:$N$126)-MIN($N$2:$N$126)) -> 0.030777515 | AK99: =(O99-MIN($O$2:$O$126))/(MAX($O$2:$O$126)-MIN($O$2:$O$126)) -> 0.3682416 | AL99: =(S99-MIN($S$2:$S$126))/(MAX($S$2:$S$126)-MIN($S$2:$S$126)) -> 0.19087523 | AM99: =(T99-MIN($T$2:$T$126))/(MAX($T$2:$T$126)-MIN($T$2:$T$126)) -> 0.58533775 | AN99: =1-(AC99-MIN($AC$2:$AC$126))/(MAX($AC$2:$AC$126)-MIN($AC$2:$AC$126)) -> 0.76845212 | AO99: =(AD99-MIN($AD$2:$AD$126))/(MAX($AD$2:$AD$126)-MIN($AD$2:$AD$126)) -> 0.16766467 | AP99: =1-(AE99-MIN($AE$2:$AE$126))/(MAX($AE$2:$AE$126)-MIN($AE$2:$AE$126)) -> 0.6797 | AQ99: =(V99-MIN($V$2:$V$126))/(MAX($V$2:$V$126)-MIN($V$2:$V$126)) -> 0.11111111 | AR99: =1-(Y99-MIN($Y$2:$Y$126))/(MAX($Y$2:$Y$126)-MIN($Y$2:$Y$126)) -> 0.97916667 | AS99: =1-(AA99-MIN($AA$2:$AA$126))/(MAX($AA$2:$AA$126)-MIN($AA$2:$AA$126)) -> 0.82755706 | AT99: =(K99-MIN($K$2:$K$126))/(MAX($K$2:$K$126)-MIN($K$2:$K$126)) -> 0.51515152 | AU99: =(L99-MIN($L$2:$L$126))/(MAX($L$2:$L$126)-MIN($L$2:$L$126)) -> 0.040869328 | AV99: =(AI99*(Tablero!$B$5/100)+AJ99*(Tablero!$B$6/100))*(Tablero!$B$4/100) -> 0.068922822 | AW99: =(AK99*(Tablero!$B$8/100))*(Tablero!$B$7/100) -> 0.092060399 | AX99: =(AL99*(Tablero!$B$10/100)+AM99*(Tablero!$B$11/100)+AN99*(Tablero!$B$12/100)+AO99*(Tablero!$B$13/100)+AP99*(Tablero!$B$14/100))*(Tablero!$B$9/100) -> 0.11203611 | AY99: =(AQ99*(Tablero!$B$16/100)+AR99*(Tablero!$B$17/100)+AS99*(Tablero!$B$18/100))*(Tablero!$B$15/100) -> 0.15419587 | AZ99: =(AT99*(Tablero!$B$20/100)+AU99*(Tablero!$B$21/100))*(Tablero!$B$19/100) -> 0.013900521
B100: 14083 | C100: Tala | D100: 95055 | E100: 749 | F100: 166 | G100: 22.6 | H100: 30.1 | I100: 77.8 | J100: 167 | K100: 0.22 | L100: 335 | M100: 4 | N100: 1398.8342 | O100: 8.69 | P100: 161 | Q100: 69.23765 | R100: 50.47 | S100: 36.98 | T100: 19.23 | U100: 38.45 | V100: 50 | W100: 18 | X100: 14 | Y100: 3 | Z100: 1 | AA100: 18.9 | AB100: 134 | AC100: 54133.01 | AD100: 0.04 | AE100: 54.48 | AF100: 1.5 | AG100: =AV100+AW100+AX100+AY100+AZ100 -> 0.39827576 | AH100: ✓ datos directos | AI100: =(G100-MIN($G$2:$G$126))/(MAX($G$2:$G$126)-MIN($G$2:$G$126)) -> 0.37793427 | AJ100: =(N100-MIN($N$2:$N$126))/(MAX($N$2:$N$126)-MIN($N$2:$N$126)) -> 0.029503181 | AK100: =(O100-MIN($O$2:$O$126))/(MAX($O$2:$O$126)-MIN($O$2:$O$126)) -> 0.423283 | AL100: =(S100-MIN($S$2:$S$126))/(MAX($S$2:$S$126)-MIN($S$2:$S$126)) -> 0.61568901 | AM100: =(T100-MIN($T$2:$T$126))/(MAX($T$2:$T$126)-MIN($T$2:$T$126)) -> 0 | AN100: =1-(AC100-MIN($AC$2:$AC$126))/(MAX($AC$2:$AC$126)-MIN($AC$2:$AC$126)) -> 0.60568548 | AO100: =(AD100-MIN($AD$2:$AD$126))/(MAX($AD$2:$AD$126)-MIN($AD$2:$AD$126)) -> 0.023952096 | AP100: =1-(AE100-MIN($AE$2:$AE$126))/(MAX($AE$2:$AE$126)-MIN($AE$2:$AE$126)) -> 0.4552 | AQ100: =(V100-MIN($V$2:$V$126))/(MAX($V$2:$V$126)-MIN($V$2:$V$126)) -> 0.13888889 | AR100: =1-(Y100-MIN($Y$2:$Y$126))/(MAX($Y$2:$Y$126)-MIN($Y$2:$Y$126)) -> 0.96875 | AS100: =1-(AA100-MIN($AA$2:$AA$126))/(MAX($AA$2:$AA$126)-MIN($AA$2:$AA$126)) -> 0.90025359 | AT100: =(K100-MIN($K$2:$K$126))/(MAX($K$2:$K$126)-MIN($K$2:$K$126)) -> 0.51515152 | AU100: =(L100-MIN($L$2:$L$126))/(MAX($L$2:$L$126)-MIN($L$2:$L$126)) -> 0.044969929 | AV100: =(AI100*(Tablero!$B$5/100)+AJ100*(Tablero!$B$6/100))*(Tablero!$B$4/100) -> 0.059640459 | AW100: =(AK100*(Tablero!$B$8/100))*(Tablero!$B$7/100) -> 0.10582075 | AX100: =(AL100*(Tablero!$B$10/100)+AM100*(Tablero!$B$11/100)+AN100*(Tablero!$B$12/100)+AO100*(Tablero!$B$13/100)+AP100*(Tablero!$B$14/100))*(Tablero!$B$9/100) -> 0.061322532 | AY100: =(AQ100*(Tablero!$B$16/100)+AR100*(Tablero!$B$17/100)+AS100*(Tablero!$B$18/100))*(Tablero!$B$15/100) -> 0.15748898 | AZ100: =(AT100*(Tablero!$B$20/100)+AU100*(Tablero!$B$21/100))*(Tablero!$B$19/100) -> 0.014003036
B101: 14009 | C101: El Arenal | D101: 22289 | E101: 187 | F101: 54 | G101: 23.8 | H101: 41.2 | I101: 71.1 | J101: 42 | K101: 0.22 | L101: 90 | M101: 0 | N101: 52.314861 | O101: 2.01 | P101: 26 | Q101: 69.240642 | R101: 47.59 | S101: 39.57 | T101: 37.43 | U101: 54.01 | V101: 210 | W101: 5 | X101: 5 | Y101: 0 | Z101: 0 | AA101: 22.4 | AB101: 45 | AC101: 69749.39 | AD101: 0 | AE101: 35.56 | AF101: 3.09 | AG101: =AV101+AW101+AX101+AY101+AZ101 -> 0.39350085 | AH101: ✓ datos directos | AI101: =(G101-MIN($G$2:$G$126))/(MAX($G$2:$G$126)-MIN($G$2:$G$126)) -> 0.40610329 | AJ101: =(N101-MIN($N$2:$N$126))/(MAX($N$2:$N$126)-MIN($N$2:$N$126)) -> 0.0011033865 | AK101: =(O101-MIN($O$2:$O$126))/(MAX($O$2:$O$126)-MIN($O$2:$O$126)) -> 0.097905504 | AL101: =(S101-MIN($S$2:$S$126))/(MAX($S$2:$S$126)-MIN($S$2:$S$126)) -> 0.67597765 | AM101: =(T101-MIN($T$2:$T$126))/(MAX($T$2:$T$126)-MIN($T$2:$T$126)) -> 0.26213452 | AN101: =1-(AC101-MIN($AC$2:$AC$126))/(MAX($AC$2:$AC$126)-MIN($AC$2:$AC$126)) -> 0.44665807 | AO101: =(AD101-MIN($AD$2:$AD$126))/(MAX($AD$2:$AD$126)-MIN($AD$2:$AD$126)) -> 0 | AP101: =1-(AE101-MIN($AE$2:$AE$126))/(MAX($AE$2:$AE$126)-MIN($AE$2:$AE$126)) -> 0.6444 | AQ101: =(V101-MIN($V$2:$V$126))/(MAX($V$2:$V$126)-MIN($V$2:$V$126)) -> 0.58333333 | AR101: =1-(Y101-MIN($Y$2:$Y$126))/(MAX($Y$2:$Y$126)-MIN($Y$2:$Y$126)) -> 1 | AS101: =1-(AA101-MIN($AA$2:$AA$126))/(MAX($AA$2:$AA$126)-MIN($AA$2:$AA$126)) -> 0.87066779 | AT101: =(K101-MIN($K$2:$K$126))/(MAX($K$2:$K$126)-MIN($K$2:$K$126)) -> 0.51515152 | AU101: =(L101-MIN($L$2:$L$126))/(MAX($L$2:$L$126)-MIN($L$2:$L$126)) -> 0.011481684 | AV101: =(AI101*(Tablero!$B$5/100)+AJ101*(Tablero!$B$6/100))*(Tablero!$B$4/100) -> 0.061025832 | AW101: =(AK101*(Tablero!$B$8/100))*(Tablero!$B$7/100) -> 0.024476376 | AX101: =(AL101*(Tablero!$B$10/100)+AM101*(Tablero!$B$11/100)+AN101*(Tablero!$B$12/100)+AO101*(Tablero!$B$13/100)+AP101*(Tablero!$B$14/100))*(Tablero!$B$9/100) -> 0.089732786 | AY101: =(AQ101*(Tablero!$B$16/100)+AR101*(Tablero!$B$17/100)+AS101*(Tablero!$B$18/100))*(Tablero!$B$15/100) -> 0.20510003 | AZ101: =(AT101*(Tablero!$B$20/100)+AU101*(Tablero!$B$21/100))*(Tablero!$B$19/100) -> 0.01316583
B102: 14044 | C102: Ixtlahuacán de los Membrillos | D102: 80003 | E102: 389 | F102: 161 | G102: 14.6 | H102: 36.2 | I102: 58.6 | J102: 85 | K102: 0.22 | L102: 171 | M102: 4 | N102: 890.19864 | O102: 8.17 | P102: 109 | Q102: 67.493573 | R102: 47.81 | S102: 24.68 | T102: 36.76 | U102: 53.73 | V102: 35 | W102: 13 | X102: 13 | Y102: 0 | Z102: 0 | AA102: 16.2 | AB102: 29 | AC102: 57463.94 | AD102: 0 | AE102: 37.93 | AF102: 0.61 | AG102: =AV102+AW102+AX102+AY102+AZ102 -> 0.38395689 | AH102: ✓ datos directos | AI102: =(G102-MIN($G$2:$G$126))/(MAX($G$2:$G$126)-MIN($G$2:$G$126)) -> 0.19014085 | AJ102: =(N102-MIN($N$2:$N$126))/(MAX($N$2:$N$126)-MIN($N$2:$N$126)) -> 0.018775415 | AK102: =(O102-MIN($O$2:$O$126))/(MAX($O$2:$O$126)-MIN($O$2:$O$126)) -> 0.39795421 | AL102: =(S102-MIN($S$2:$S$126))/(MAX($S$2:$S$126)-MIN($S$2:$S$126)) -> 0.32937616 | AM102: =(T102-MIN($T$2:$T$126))/(MAX($T$2:$T$126)-MIN($T$2:$T$126)) -> 0.25248452 | AN102: =1-(AC102-MIN($AC$2:$AC$126))/(MAX($AC$2:$AC$126)-MIN($AC$2:$AC$126)) -> 0.57176538 | AO102: =(AD102-MIN($AD$2:$AD$126))/(MAX($AD$2:$AD$126)-MIN($AD$2:$AD$126)) -> 0 | AP102: =1-(AE102-MIN($AE$2:$AE$126))/(MAX($AE$2:$AE$126)-MIN($AE$2:$AE$126)) -> 0.6207 | AQ102: =(V102-MIN($V$2:$V$126))/(MAX($V$2:$V$126)-MIN($V$2:$V$126)) -> 0.097222222 | AR102: =1-(Y102-MIN($Y$2:$Y$126))/(MAX($Y$2:$Y$126)-MIN($Y$2:$Y$126)) -> 1 | AS102: =1-(AA102-MIN($AA$2:$AA$126))/(MAX($AA$2:$AA$126)-MIN($AA$2:$AA$126)) -> 0.92307692 | AT102: =(K102-MIN($K$2:$K$126))/(MAX($K$2:$K$126)-MIN($K$2:$K$126)) -> 0.51515152 | AU102: =(L102-MIN($L$2:$L$126))/(MAX($L$2:$L$126)-MIN($L$2:$L$126)) -> 0.022553308 | AV102: =(AI102*(Tablero!$B$5/100)+AJ102*(Tablero!$B$6/100))*(Tablero!$B$4/100) -> 0.030398668 | AW102: =(AK102*(Tablero!$B$8/100))*(Tablero!$B$7/100) -> 0.099488553 | AX102: =(AL102*(Tablero!$B$10/100)+AM102*(Tablero!$B$11/100)+AN102*(Tablero!$B$12/100)+AO102*(Tablero!$B$13/100)+AP102*(Tablero!$B$14/100))*(Tablero!$B$9/100) -> 0.082827902 | AY102: =(AQ102*(Tablero!$B$16/100)+AR102*(Tablero!$B$17/100)+AS102*(Tablero!$B$18/100))*(Tablero!$B$15/100) -> 0.15779915 | AZ102: =(AT102*(Tablero!$B$20/100)+AU102*(Tablero!$B$21/100))*(Tablero!$B$19/100) -> 0.013442621
B103: 14037 | C103: El Grullo | D103: 26760 | E103: 272 | F103: 70 | G103: 28.5 | H103: 44.1 | I103: 74.3 | J103: 64 | K103: 0.24 | L103: 109 | M103: 2 | N103: 242.90939 | O103: 4.58 | P103: 53 | Q103: 72.849265 | R103: 51.1 | S103: 33.46 | T103: 42.28 | U103: 41.91 | V103: 55 | W103: 8 | X103: 7 | Y103: 1 | Z103: 0 | AA103: 29.9 | AB103: 107 | AC103: 52473.91 | AD103: 0.19 | AE103: 54.21 | AF103: 1.5 | AG103: =AV103+AW103+AX103+AY103+AZ103 -> 0.38960595 | AH103: ✓ datos directos | AI103: =(G103-MIN($G$2:$G$126))/(MAX($G$2:$G$126)-MIN($G$2:$G$126)) -> 0.51643192 | AJ103: =(N103-MIN($N$2:$N$126))/(MAX($N$2:$N$126)-MIN($N$2:$N$126)) -> 0.0051232661 | AK103: =(O103-MIN($O$2:$O$126))/(MAX($O$2:$O$126)-MIN($O$2:$O$126)) -> 0.22308816 | AL103: =(S103-MIN($S$2:$S$126))/(MAX($S$2:$S$126)-MIN($S$2:$S$126)) -> 0.53375233 | AM103: =(T103-MIN($T$2:$T$126))/(MAX($T$2:$T$126)-MIN($T$2:$T$126)) -> 0.33198905 | AN103: =1-(AC103-MIN($AC$2:$AC$126))/(MAX($AC$2:$AC$126)-MIN($AC$2:$AC$126)) -> 0.62258071 | AO103: =(AD103-MIN($AD$2:$AD$126))/(MAX($AD$2:$AD$126)-MIN($AD$2:$AD$126)) -> 0.11377246 | AP103: =1-(AE103-MIN($AE$2:$AE$126))/(MAX($AE$2:$AE$126)-MIN($AE$2:$AE$126)) -> 0.4579 | AQ103: =(V103-MIN($V$2:$V$126))/(MAX($V$2:$V$126)-MIN($V$2:$V$126)) -> 0.15277778 | AR103: =1-(Y103-MIN($Y$2:$Y$126))/(MAX($Y$2:$Y$126)-MIN($Y$2:$Y$126)) -> 0.98958333 | AS103: =1-(AA103-MIN($AA$2:$AA$126))/(MAX($AA$2:$AA$126)-MIN($AA$2:$AA$126)) -> 0.80726965 | AT103: =(K103-MIN($K$2:$K$126))/(MAX($K$2:$K$126)-MIN($K$2:$K$126)) -> 0.57575758 | AU103: =(L103-MIN($L$2:$L$126))/(MAX($L$2:$L$126)-MIN($L$2:$L$126)) -> 0.014078732 | AV103: =(AI103*(Tablero!$B$5/100)+AJ103*(Tablero!$B$6/100))*(Tablero!$B$4/100) -> 0.077977115 | AW103: =(AK103*(Tablero!$B$8/100))*(Tablero!$B$7/100) -> 0.055772041 | AX103: =(AL103*(Tablero!$B$10/100)+AM103*(Tablero!$B$11/100)+AN103*(Tablero!$B$12/100)+AO103*(Tablero!$B$13/100)+AP103*(Tablero!$B$14/100))*(Tablero!$B$9/100) -> 0.081953453 | AY103: =(AQ103*(Tablero!$B$16/100)+AR103*(Tablero!$B$17/100)+AS103*(Tablero!$B$18/100))*(Tablero!$B$15/100) -> 0.15915744 | AZ103: =(AT103*(Tablero!$B$20/100)+AU103*(Tablero!$B$21/100))*(Tablero!$B$19/100) -> 0.014745908
B104: 14093 | C104: Tepatitlán de Morelos | D104: 156947 | E104: 909 | F104: 219 | G104: 16.3 | H104: 23.6 | I104: 75.9 | J104: 114 | K104: 0.12 | L104: 424 | M104: 8 | N104: 2223.5721 | O104: 8.72 | P104: 255 | Q104: 72.143014 | R104: 50.06 | S104: 34.21 | T104: 46.64 | U104: 50.06 | V104: 120 | W104: 34 | X104: 26 | Y104: 8 | Z104: 0 | AA104: 21.7 | AB104: 120 | AC104: 61011.21 | AD104: 0.24 | AE104: 67.5 | AF104: 3.39 | AG104: =AV104+AW104+AX104+AY104+AZ104 -> 0.39624407 | AH104: ✓ datos directos | AI104: =(G104-MIN($G$2:$G$126))/(MAX($G$2:$G$126)-MIN($G$2:$G$126)) -> 0.23004695 | AJ104: =(N104-MIN($N$2:$N$126))/(MAX($N$2:$N$126)-MIN($N$2:$N$126)) -> 0.046897946 | AK104: =(O104-MIN($O$2:$O$126))/(MAX($O$2:$O$126)-MIN($O$2:$O$126)) -> 0.42474428 | AL104: =(S104-MIN($S$2:$S$126))/(MAX($S$2:$S$126)-MIN($S$2:$S$126)) -> 0.55121043 | AM104: =(T104-MIN($T$2:$T$126))/(MAX($T$2:$T$126)-MIN($T$2:$T$126)) -> 0.39478612 | AN104: =1-(AC104-MIN($AC$2:$AC$126))/(MAX($AC$2:$AC$126)-MIN($AC$2:$AC$126)) -> 0.53564221 | AO104: =(AD104-MIN($AD$2:$AD$126))/(MAX($AD$2:$AD$126)-MIN($AD$2:$AD$126)) -> 0.14371257 | AP104: =1-(AE104-MIN($AE$2:$AE$126))/(MAX($AE$2:$AE$126)-MIN($AE$2:$AE$126)) -> 0.325 | AQ104: =(V104-MIN($V$2:$V$126))/(MAX($V$2:$V$126)-MIN($V$2:$V$126)) -> 0.33333333 | AR104: =1-(Y104-MIN($Y$2:$Y$126))/(MAX($Y$2:$Y$126)-MIN($Y$2:$Y$126)) -> 0.91666667 | AS104: =1-(AA104-MIN($AA$2:$AA$126))/(MAX($AA$2:$AA$126)-MIN($AA$2:$AA$126)) -> 0.87658495 | AT104: =(K104-MIN($K$2:$K$126))/(MAX($K$2:$K$126)-MIN($K$2:$K$126)) -> 0.21212121 | AU104: =(L104-MIN($L$2:$L$126))/(MAX($L$2:$L$126)-MIN($L$2:$L$126)) -> 0.057135046 | AV104: =(AI104*(Tablero!$B$5/100)+AJ104*(Tablero!$B$6/100))*(Tablero!$B$4/100) -> 0.039196837 | AW104: =(AK104*(Tablero!$B$8/100))*(Tablero!$B$7/100) -> 0.10618607 | AX104: =(AL104*(Tablero!$B$10/100)+AM104*(Tablero!$B$11/100)+AN104*(Tablero!$B$12/100)+AO104*(Tablero!$B$13/100)+AP104*(Tablero!$B$14/100))*(Tablero!$B$9/100) -> 0.074298471 | AY104: =(AQ104*(Tablero!$B$16/100)+AR104*(Tablero!$B$17/100)+AS104*(Tablero!$B$18/100))*(Tablero!$B$15/100) -> 0.16983129 | AZ104: =(AT104*(Tablero!$B$20/100)+AU104*(Tablero!$B$21/100))*(Tablero!$B$19/100) -> 0.0067314065
